symbol,mint,signature,live_id,paper_id,live_entry_lag_s,live_entry_vs_paper,live_hold_s,paper_hold_s,live_peak_x,paper_peak_x,live_exit_x,paper_exit_x,live_exit_reason,paper_exit_reason,live_size,paper_size,live_pnl,paper_pnl,token_true_peak,inflow_at_trigger,trigger_multiple,buy_share,rug_prob,token_label
Cooper,BeeuRymVeAzVEQ68RWLeDBiiQ6r4QfLz8v4BVvdgCBZU,MOON_STEADY,4584,4583,10.7,1.0132,24,29,1.236,1.253,1.090,0.956,profit_trail,profit_trail,2.50,1.50,-0.21,-0.05,3.11,1.144,1.310,0.667,0.159,winner
Trench,2WiAa9sawwd3Ns9YxLFSNDRNjfazZoukQ9sQF5h1pump,MOON_STEADY,4593,4592,4.8,1.0617,14,149,1.060,1.241,1.021,1.115,depth_collapse_cut,profit_trail,2.50,6.76,0.05,0.70,3.01,1.247,1.478,0.615,0.260,winner
FORMER,FwZUDHGzgvM3s1Fgu5Q4jwqpuFUWeVdGehbH8oQnkp3b,MOON_STEADY,4600,4599,12.5,0.7875,27,33,1.277,1.032,0.775,0.475,depth_collapse_cut,hard_stop,2.50,1.50,-0.57,-0.82,1.71,1.157,1.339,0.793,0.094,rug
Jailbreak,7riRs9hkPxNSvxz1xKWW87oep1q1JoAFQzphnN7ysZSw,MOON_STEADY,4612,4611,5.2,1.0144,12,82,1.001,1.327,0.973,0.964,depth_collapse_cut,profit_trail,2.50,6.73,-0.07,0.07,3.70,1.101,1.214,0.775,0.280,winner
FaZe,3LjqzhQyRSvXZhUVz3vZkQw4zR54hKjbKggc9Bg4QBpa,BASE,4666,4665,3.4,0.9630,13,603,1.106,1.080,0.991,0.748,depth_collapse_cut,never_armed_stop,3.26,6.69,-0.03,-1.75,1.56,1.201,1.431,0.676,0.327,dud
GEM,3ENtBgnaGR3dg9axXx8JjDega6etXabxhiwuqhnNpump,RUG_RISK,4681,4679,3.8,0.9755,11,242,1.169,1.192,1.134,0.647,depth_collapse_cut,hard_stop,3.25,6.71,0.43,-2.42,2.03,1.316,1.634,0.549,0.214,winner
bap,BBYMoW6by3g4M1q5CpnnJh7u7jjkxmuWrLWCLYpiUMjd,MOON_STEADY,4685,4684,3.2,0.7726,7,156,1.120,2.004,1.102,1.285,depth_collapse_cut,moon_ratchet,3.26,6.71,0.33,1.77,2.81,1.200,1.439,0.844,0.155,winner
TRUMPKET,8mWCuhwUpQ6G2T6ftYqwAhBdeidPrYtNoyFg7ZXJ1fDb,RISER,4687,4686,1.2,0.9909,10,122,1.000,1.344,0.848,1.199,depth_collapse_cut,profit_trail,3.26,6.71,-0.50,1.28,2.84,1.274,1.625,0.639,0.238,winner
TRUMP2028,ASA6myVz38URi79BP83oaUsqYgTwVBVAc2MRVVmpSNFC,BASE,4693,4692,2.8,0.9724,15,230,1.094,2.746,1.193,1.605,depth_collapse_cut,stale_take,3.25,6.72,0.63,3.93,5.40,1.270,1.614,0.646,0.101,winner
VANCE2028,Fmq1QSc3cfPeJ1oBjdoxTWqhgUBYbHAM6g6jEJ9wPEjb,RISER,4696,4695,3.1,1.0196,10,60,1.067,1.226,1.110,1.086,depth_collapse_cut,profit_trail,3.26,6.73,0.36,0.67,3.03,1.278,1.633,0.812,0.183,winner
MONA,BcWiZpe7EzkahgDonHywPVRBQ3q3NhVYfw7wH5gbyGWr,RUG_RISK,4702,4701,4.2,1.0004,7,60,1.004,1.008,0.956,0.000,depth_collapse_cut,dust_rug,3.27,6.73,-0.15,-6.69,1.80,1.235,1.499,0.735,0.112,rug
TRUMP2028,DQmgk49JMoUYzGhNQiqbNh8FD7XuCb211bHXBS1Qhdqn,MOON_STEADY,4704,4703,3.5,0.9669,8,130,1.141,1.276,1.064,1.029,depth_collapse_cut,stale_take,3.27,6.73,0.21,0.43,1.28,1.130,1.278,0.743,0.270,rug
TREMP,GAm7hHmYUWRJjHACHQDPVPoLN9ToRKfWoW4DgMzmQRvr,BASE,4706,4705,2.8,1.1281,9,84,1.000,1.425,0.841,0.942,depth_collapse_cut,profit_trail,3.27,6.71,-0.52,-0.08,5.21,1.255,1.576,0.638,0.107,winner
TRUMP2028,FTQyc7xorCaCzYrmr3qNVxNwrHqNPmw68RT2NV5jfJdM,RUG_RISK,4711,4710,3.7,0.9573,12,20,1.000,1.000,0.923,0.676,depth_collapse_cut,hard_stop,3.25,6.71,-0.25,-2.23,6.70,1.201,1.441,0.674,0.092,winner
WORM,EjpTCWixMW26FngdU8aoBQvqUnPh4wRWQfWfGWB9eAHU,BASE,4721,4720,3.3,0.9677,12,258,1.000,1.747,0.786,1.000,depth_collapse_cut,moon_ratchet,3.26,6.72,-0.70,0.20,3.58,1.201,1.438,0.732,0.332,winner
HOLD,7bdqBKpmqK1RpwQkCeroPuunSY5TrCgc1Ee7TWDkVvMT,BASE,4724,4723,3.0,1.0323,9,48,1.374,1.449,1.233,1.009,depth_collapse_cut,profit_trail,3.23,6.72,0.46,0.31,4.33,1.229,1.492,0.661,0.202,winner
Mymo,4XLqUeNX1Mpvgz9hgoNZuSCjezc2WPxQsPEpEwEEh9FJ,MOON_STEADY,4727,4726,3.1,1.0282,12,21,1.041,1.212,0.924,0.969,depth_collapse_cut,profit_trail,3.24,6.72,-0.25,-0.28,1.29,1.127,1.270,0.792,0.167,dud
shor,7X9EQZSLJKyS1mmRaAYAmGwNMsZbZzocpm9KYyTtKKN2,RISER,4731,4730,2.9,0.9892,14,723,1.048,1.189,1.018,0.932,depth_collapse_cut,runner_timeout,2.50,6.71,0.04,-0.53,1.72,1.197,1.433,0.847,0.244,dud
TRUMP2028,6PrJaqNMf5Poeso4e87SxNX4rygK4SWaF8VZpo4eJuio,RISER,4734,4733,3.0,1.0332,6,33,1.048,1.277,1.020,1.171,depth_collapse_cut,profit_trail,2.50,3.36,0.05,0.54,2.82,1.190,1.415,0.806,0.219,winner
FSR,AXC5S7ap52zytzAF58nTJTkvZ7VYzFKXYULpErCwUFLE,BASE,4745,4744,3.8,0.9916,13,374,1.045,1.036,0.863,0.000,depth_collapse_cut,dust_rug,3.22,6.70,-0.44,-6.66,1.62,1.278,1.624,0.785,0.279,rug
qworm,BtYyiyYyFZK5c4jrstumtQyRyaw4vPEiJcKKjUJuArw3,RUG_RISK,4750,4749,5.6,1.0011,9,397,1.016,1.760,0.988,1.426,depth_collapse_cut,stale_take,2.50,3.33,-0.03,1.22,2.57,1.120,1.255,0.871,0.341,winner
qworm,75SerFWNFfkkWjQhRYsToyRDq8tSnBQvYhMrYV8inWsG,MOON_STEADY,4757,4756,3.5,1.0220,11,18,1.118,1.206,1.162,1.055,depth_collapse_cut,profit_trail,3.17,1.50,0.51,0.03,4.94,1.161,1.351,0.710,0.120,winner
qworm,FEWviRkEfkEZ4FGQCksqkRYLRjFSU1FivXWtSWkh7ikM,RISER,4759,4758,3.2,0.9128,10,204,1.000,1.410,0.780,1.245,depth_collapse_cut,profit_trail,2.50,1.50,-0.55,0.32,3.64,1.187,1.411,0.886,0.180,winner
PONS,5iqLVjaeahBgmdu4ps1opFwXg1RYq3gPUYjtMyENJgz,RUG_RISK,4762,4760,3.7,0.9821,23,763,1.123,1.358,1.069,1.282,depth_collapse_cut,runner_timeout,2.50,2.56,0.17,0.62,1.47,1.108,1.206,0.649,0.160,dud
CASHCAT,ABGHsrkAxJTqZxS37DYTMrNpkVjK2rze83mdtxb7DNGR,RUG_RISK,4764,4763,4.0,0.9845,10,240,1.041,1.134,1.028,0.000,depth_collapse_cut,dust_rug,2.50,2.56,0.07,-2.53,1.31,1.113,1.208,0.831,0.142,rug
Erdős,3qoLiErwp1dL3kxYuAXA7uycLP4JrfTFkSqb83D3rU6C,BASE,4766,4765,3.0,0.9409,11,216,1.105,1.478,0.986,0.877,depth_collapse_cut,profit_trail,2.50,3.33,-0.03,-0.22,2.07,1.104,1.220,0.753,0.203,winner
NOCK,H1VuYfnP7TUdM2U1N3xYdsxxoe8doZjgrnbEXXSE5ttb,RUG_RISK,4768,4767,3.7,1.0039,10,474,1.001,1.295,0.956,1.250,depth_collapse_cut,stale_take,2.50,2.56,-0.11,0.56,1.75,1.146,1.259,0.500,0.108,dud
Erdős,FFtJPPwVwgEWeXDRfmzeUQnkquoyAaGPdJJEsgTLTqEn,RISER,4770,4769,3.4,0.9630,7,59,1.078,1.237,1.126,1.127,depth_collapse_cut,profit_trail,3.16,1.50,0.40,0.15,2.30,1.217,1.482,0.842,0.225,winner
goodcoin,BEoWYpm4WAUJL8h9JDbE5YbKoH5wi7wDpRkwTRzSiJNd,RUG_RISK,4772,4771,3.8,0.9702,5,296,1.000,1.583,0.973,1.044,depth_collapse_cut,moon_ratchet,2.50,4.37,-0.07,0.27,2.51,1.135,1.287,0.590,0.248,winner
NODFATHER,BQ2Ztj7XsWwpZFYvFE8EZgfSSoqYM7Hs73FpDrTSmfMt,BASE,4774,4773,2.9,0.9380,15,74,1.034,1.086,0.943,0.000,depth_collapse_cut,dust_rug,3.18,5.26,-0.18,-5.23,1.58,1.212,1.463,0.765,0.226,rug
HOOD,CzG5XJjMg286imN82SUdwf8UUgZ9Ao1y7m29zCN7ZF2t,RUG_RISK,4776,4775,3.1,1.0144,14,46,1.197,1.300,1.185,1.266,depth_collapse_cut,manual_harvest,3.17,5.18,0.58,1.24,2.24,1.217,1.439,0.665,0.092,winner
gelato,V7ieD3HA531txxziJZYMLCVSBodZrUwRXNJwjC3d91c,BASE,4780,4779,4.3,0.8941,7,224,1.143,1.908,0.969,1.263,depth_collapse_cut,stale_take,3.18,5.18,-0.10,1.32,5.65,1.282,1.620,0.716,0.221,winner
冰淇淋,BqLzf5mes2L918s4Vxpff8mJ93yTcUXD3RRB93ZHgnPr,RISER,4784,4783,3.3,0.9078,9,304,1.059,1.656,1.064,1.310,depth_collapse_cut,profit_trail,3.17,5.32,0.20,1.47,3.95,1.247,1.557,0.868,0.185,winner
gelato,C52kb1sqCNv3BxBrjp63sM75bCVx9eQxiKRTDKUyVi51,BASE,4786,4785,3.4,1.1085,7,54,1.058,1.246,1.040,0.996,depth_collapse_cut,profit_trail,2.50,1.50,0.10,0.00,4.69,1.109,1.231,0.737,0.268,winner
gelato,5wJsBDmY5zViozNAjcwoZssU8MF76eJpKEfVtY4Yce5H,BASE,4788,4787,4.2,0.9249,10,433,1.166,2.708,1.166,2.613,depth_collapse_cut,stale_take,2.50,1.50,0.41,1.78,5.03,1.190,1.416,0.778,0.225,winner
gelato,3viWvLcT8APpk1t67aouM3fcavCcmdMBqvgmPHMm1VLr,BASE,4791,4790,3.5,0.8224,6,90,1.000,1.242,0.952,0.952,depth_collapse_cut,profit_trail,3.18,1.50,-0.16,-0.05,3.31,1.205,1.429,0.710,0.263,winner
gelato,4Uh6khNjLFgpwfbRcTCRM1mXBYzW1L3RFzNyVgvHRMBx,BASE,4794,4793,3.2,0.8326,9,75,1.248,1.554,1.097,1.044,depth_collapse_cut,moon_ratchet,3.16,1.50,0.30,0.05,10.81,1.258,1.556,0.730,0.233,winner
RUSS,6XH1NRszFc6hCk6HLGrkkHX1jWMQH6rFc1hM785Lb9Sr,RUG_RISK,4798,4796,2.8,1.0142,7,145,1.556,4.089,1.557,2.054,depth_collapse_cut,moon_ratchet,2.50,3.33,1.36,3.63,7.42,1.165,1.355,0.600,0.075,winner
RUSS,2FCerziZbakcdDbuQNgEWPxGRPYGmBzMxEJKkqJEpump,RUG_RISK,4799,4797,3.0,1.0246,8,340,1.039,2.109,1.026,1.874,depth_collapse_cut,stale_take,2.50,2.76,0.06,2.09,2.78,1.110,1.205,0.559,0.415,winner
RUSS,9jcZTkKECp992KbqJr94rDvbqHsdRgQNb3XsFtJ4LDYa,MOON_STEADY,4801,4800,2.9,0.9219,10,21,1.106,1.019,0.910,0.533,depth_collapse_cut,hard_stop,3.19,1.50,-0.29,-0.73,1.89,1.102,1.213,0.759,0.245,dud
Divas,5EGrGPL5ZBpx8uCWBEXm5XRVJ9LMm1f7ktfh7wjfajob,RUG_RISK,4803,4802,3.2,0.9411,9,310,1.000,1.321,1.007,0.963,depth_collapse_cut,profit_trail,2.50,2.70,0.02,-0.03,1.50,1.164,1.353,0.573,0.221,rug
RUSS,6UqUpifrUxMDPJw1S5VBDXiFvFp8P5zqdg5E1YVUDmNR,RISER,4807,4805,3.3,0.8880,11,259,1.000,1.207,0.708,1.111,depth_collapse_cut,profit_trail,3.18,1.50,-0.93,0.12,9.87,1.220,1.488,0.861,0.099,winner
TRump2028,3SYftbywxgAp8Wr6x1bXaeuPxSVmXsNtdQSZxbU5hvqq,RUG_RISK,4808,4806,3.1,0.9619,14,295,1.000,1.265,0.918,0.980,depth_collapse_cut,profit_trail,2.50,2.70,-0.21,0.01,1.85,1.171,1.371,0.625,0.268,rug
DEER,7AmCPoRq3DXoY6VedV3dDF2zFmnVTzt8pshYcMYEpump,RUG_RISK,4810,4809,4.1,1.0440,7,244,1.000,1.159,0.941,0.692,depth_collapse_cut,hard_stop,2.50,2.56,-0.15,-0.83,1.30,1.124,1.232,0.586,0.426,dud
DEER,6UPKTJZpoKi5vtStjpuWEV9DA3KfTSHZn26TTM8J8Dyj,RISER,4812,4811,3.7,0.9181,10,41,1.031,1.250,1.115,1.092,depth_collapse_cut,profit_trail,2.50,1.50,0.29,0.11,2.60,1.136,1.280,0.879,0.254,winner
DEER,6ooqYn83fk7DyyGx9bnjQJyb2f5vK3RTgJPS6uUc7EqJ,RUG_RISK,4814,4813,3.4,0.9654,9,173,1.044,1.008,0.974,0.000,depth_collapse_cut,dust_rug,2.50,1.50,-0.06,-1.48,1.51,1.185,1.405,0.855,0.209,rug
RUSS,76sdy41sYaaS9FJTXoZYhDD7gXD4KtxAbEAnSBke212Y,RUG_RISK,4819,4818,5.7,0.8970,5,168,1.016,2.401,0.844,1.388,depth_collapse_cut,moon_ratchet,2.50,1.50,-0.39,0.70,4.53,1.171,1.346,0.725,0.309,winner
Snowflake,27uZ8eeBL1wZChMUUZc1WrJo8mZ5Q9JnEbxQHzRjpump,RUG_RISK,4821,4820,3.3,1.0235,8,112,1.000,1.077,0.938,0.680,depth_collapse_cut,hard_stop,2.50,3.17,-0.16,-1.06,1.92,1.161,1.304,0.595,0.458,dud
Snowflake,9h3w5hyW5ZahfzVZi6soYzww3zkUKRxUtt4NgQTdRRGa,RISER,4824,4823,3.6,0.9180,10,64,1.148,1.210,1.042,1.039,depth_collapse_cut,profit_trail,3.13,1.50,0.13,0.01,4.09,1.215,1.475,0.815,0.102,winner
Snowflake,FzV29uRMbqhkdzxqH1mKBnULQMFZSF3JZJoGYz9SidHd,RUG_RISK,4826,4825,3.5,0.9630,9,50,1.164,1.554,1.201,0.864,depth_collapse_cut,moon_ratchet,3.13,1.50,0.63,-0.14,5.79,1.251,1.565,0.577,0.163,winner
BEE,5WRP5f5xE4xn6x2RVw9RoEvoCae7dvqVuXxLpFgoGhSQ,RUG_RISK,4829,4828,3.7,0.9894,7,158,1.044,1.256,1.028,0.996,depth_collapse_cut,profit_trail,2.50,3.35,0.07,0.08,3.23,1.179,1.390,0.643,0.237,winner
RUSS,7yu2A54TPg9n4YbiSu7xZxF7q8W1tGGbPaZyBvwsVfSe,RUG_RISK,4831,4830,4.0,1.0179,10,189,1.112,1.252,1.000,1.015,depth_collapse_cut,profit_trail,3.14,1.50,0.00,0.02,1.95,1.211,1.435,0.653,0.213,dud
Buck,DcU3wV6wxcsRwhCsRVLzFDJCMiWWYHbuWn92hRZzwT36,RUG_RISK,4833,4832,3.3,0.8630,10,134,1.108,1.981,1.116,0.990,depth_collapse_cut,moon_ratchet,3.13,5.15,0.36,0.16,5.73,1.227,1.506,0.830,0.156,winner
HIP,Hnkg5N2SScXxXwQKtgVZV1qNfbeiMcc6CYZM1S34xDUT,RUG_RISK,4839,4838,3.6,0.9994,8,88,1.011,1.229,0.893,0.946,depth_collapse_cut,profit_trail,2.50,3.34,-0.27,-0.07,3.18,1.147,1.316,0.590,0.157,winner
internet,Ffo8CKsLJdfqacVwDwydTZyKpB9zSC8Sk3rqacDVycBy,RUG_RISK,4843,4842,3.6,1.0669,10,507,1.000,1.277,0.836,0.994,depth_collapse_cut,profit_trail,2.50,3.34,-0.41,0.06,1.72,1.102,1.215,0.626,0.163,dud
boop,4w9RUqDxaQeyPonXHU6jRam5rwtHnBCKBPyATLytQwTX,BASE,4846,4845,3.3,1.1519,10,237,1.056,2.349,0.983,1.485,depth_collapse_cut,stale_take,2.50,3.34,-0.04,1.65,3.47,1.154,1.332,0.708,0.128,winner
BLOOP,9HwLDcVcFN1XYxsWRpf3dNwrs1arx2LG9yEbPMNjpump,RUG_RISK,4848,4847,3.6,1.1865,10,115,1.000,1.130,0.835,0.687,depth_collapse_cut,hard_stop,2.50,3.21,-0.42,-1.05,1.53,1.166,1.315,0.584,0.284,rug
FKR,BJPosBJ9ihZZNgadRA5SfVsQamtpTQA3pSft5Zn7QFYr,RUG_RISK,4851,4850,3.1,1.0152,5,288,1.011,1.252,0.985,1.112,depth_collapse_cut,stale_take,2.50,3.21,-0.04,0.36,1.72,1.105,1.219,0.849,0.372,rug
RUSS,GsRNiHmbNXRuCnXuwHTyqT6DF1pq9Uj5AmxtpBuo5qis,MOON_STEADY,4853,4852,3.3,1.0430,3,40,1.071,1.190,0.969,0.670,depth_collapse_cut,hard_stop,3.11,6.69,-0.10,-2.27,5.13,1.110,1.231,0.750,0.243,winner
sharkdog,DNvM5g9zyeXiMgAFwK8EUDzEz8AhdTpu4GACjJ4KnzPM,BASE,4857,4856,3.7,1.0365,10,46,1.163,2.148,1.232,1.158,depth_collapse_cut,moon_ratchet,3.11,5.08,0.72,1.38,3.61,1.264,1.600,0.641,0.093,winner
RUSS,Gme16bhj4wDpAQmTR2FJZdFG2XNRZnMJ5zEYJYtHK4z9,MOON_SLOW,4859,4858,3.1,0.9643,6,71,1.036,1.205,0.959,1.132,depth_collapse_cut,profit_trail,3.12,1.50,-0.13,0.15,5.49,1.143,1.307,0.706,0.078,winner
FKRR,EQrNDJwDUCjWL6hrTDJf6eyH2f5JLD9pmJGrvKbQaphq,MOON_STEADY,4862,4861,3.6,1.1730,14,109,1.226,2.149,1.052,1.327,depth_collapse_cut,moon_ratchet,3.12,5.15,0.23,1.70,4.68,1.098,1.206,0.757,0.142,winner
sharkdog,Hp2mazuPTrUj4AHtQ85rTi744Qpt7iznAoJNDLjbX1Jt,BASE,4864,4863,3.2,1.1695,7,30,1.140,1.511,1.141,0.959,depth_collapse_cut,moon_ratchet,2.50,1.50,0.35,-0.02,2.60,1.120,1.255,0.682,0.071,winner
DIP,Ab6z8Yovbho7YFTg2NV8qgKgELwDSTvprGYNwnGs23r1,RUG_RISK,4866,4865,3.1,0.9292,806,49,1.181,1.097,,0.000,live_unsellable,dust_rug,2.50,2.26,-2.50,-2.23,1.36,1.154,1.333,0.564,0.245,rug
peacedog,35kwksYATqKdRtJT5p48BwmFRmaXKx8Gaw89wUkoR2vf,RUG_RISK,4869,4868,3.6,1.1131,797,63,1.010,1.124,,0.000,live_unsellable,dust_rug,2.50,3.67,-2.50,-3.64,1.26,1.111,1.235,0.563,0.268,rug
4,Bh1tNGUENdfK76zQTiJMyD9bbJbftaLF4A7w6mCo4d5R,RISER,4872,4871,3.2,0.9784,8,514,1.000,1.287,1.000,1.145,depth_collapse_cut,profit_trail,2.98,4.88,0.00,0.72,1.91,1.215,1.476,0.673,0.243,dud
DOLLS,C5UCeQrucNia8XWqdedtck6zD4A4z2CaX5WuSeZbX8uA,MOON_STEADY,4875,4874,3.4,0.9836,7,114,1.000,2.748,1.016,1.359,depth_collapse_cut,moon_ratchet,2.85,4.81,0.05,4.93,15.94,1.194,1.430,0.725,0.170,winner
TRUMP2028,Hgupm4FasxmomjU5qePPR8UwxBbRpFKY1Lrd1JdCjnKz,RUG_RISK,4877,4876,3.8,0.9640,10,88,1.045,1.007,1.018,0.617,depth_collapse_cut,hard_stop,2.50,3.35,0.04,-1.33,2.18,1.102,1.214,0.862,0.351,winner
PIXEN,G218aYUTB8MvJwLbC19TdAf4GLtXeb45nbS9Qk3QmEoh,RUG_RISK,4879,4878,3.6,0.9964,8,28,1.068,1.065,0.957,0.670,depth_collapse_cut,hard_stop,2.50,3.35,-0.11,-1.15,2.32,1.137,1.295,0.874,0.248,winner
BABYCUPSEY,CM2iYiDg99MNwNtjX67q9nJxXWgfAVQMXTUVDFvAM2GP,MOON_STEADY,4881,4880,4.6,1.2489,8,9,1.000,1.220,0.924,1.058,profit_trail,profit_trail,2.84,4.75,-0.22,0.21,2.84,1.167,1.361,0.630,0.085,winner
JACOB,2nxb3cHBJDq75pp58uLZPy6fHynCv34qjZGnsSc8pump,MOON_SLOW,4883,4882,3.6,1.1233,12,355,1.000,2.417,0.948,1.504,depth_collapse_cut,stale_take,2.82,4.75,-0.15,3.05,4.21,1.140,1.261,0.431,0.432,winner
Jacob,G8jDhPSnHzPzXyiPxq46GMsr5jKS5Ekeqev65j7Z6oUT,RUG_RISK,4886,4884,2.8,1.0092,8,243,1.000,1.213,0.940,1.110,depth_collapse_cut,profit_trail,2.50,2.08,-0.15,0.18,1.96,1.145,1.310,0.853,0.292,dud
Bee,ASHu6D6L8rX3aFEa1ADsMAiHEv3XjPSRPXM5vEFwDys2,RUG_RISK,5116,5115,2.9,0.8896,14,123,1.196,1.691,1.196,1.690,depth_collapse_cut,manual_harvest,2.50,5.90,0.49,3.43,11.16,1.107,1.226,0.720,0.229,winner
TiredJim,6CChP568Kj9bCNEqPirCxY5J5XotsAp8e2ddQGnwz18M,RUG_RISK,5119,5118,3.6,1.0391,5,152,1.000,1.151,1.006,1.034,depth_collapse_cut,manual_harvest,2.50,5.90,0.01,0.13,1.83,1.100,1.210,0.836,0.272,dud
FLUF,AdzqFRDHxviyWcuhAhzH6AV6DSTGch987J4tRH6rCoUU,RUG_RISK,5121,5120,3.2,1.0175,5,103,1.001,1.311,0.875,0.631,depth_collapse_cut,profit_trail,2.50,5.90,-0.32,-1.53,2.71,1.132,1.279,0.587,0.534,winner
Piklo,F8eLhwuGSqrGBUCXayGHJBuT9E3p5YymHzobUrZopump,BASE,5123,5122,4.2,1.1092,5,76,1.000,1.373,0.920,1.371,depth_collapse_cut,manual_harvest,3.02,16.84,-0.25,5.71,5.07,1.268,1.541,0.701,0.304,winner
BADZ,seYyzjtzZa7wgrm4znH6Z2UEvVknw5L2oQXbch2pump,MOON_SLOW,5126,5125,3.4,1.0238,8,90,1.159,1.370,1.160,0.578,depth_collapse_cut,user_cut,3.01,16.87,0.48,-4.26,1.83,1.221,1.435,0.648,0.421,rug
Miu,2wpVAcUHp4pwjqn2dULnY62k24xjaikS5UBkTTpZuAPN,RISER,5128,5127,1.7,1.0002,5,280,1.093,2.067,1.000,1.573,depth_collapse_cut,profit_trail,3.02,16.85,0.00,8.32,4.06,1.245,1.550,0.718,0.191,winner
BullPad,5v4eScmQHV2LRrd2x1UeXPRMknBNAinKX5tHoJ2yGzjj,RISER,5131,5130,2.8,1.0372,55,55,1.112,1.175,,1.174,manual_harvest,manual_harvest,3.02,8.46,0.54,1.38,3.93,1.282,1.647,0.909,0.174,winner
FLUFFY,HGsfDDh19Rj4WQRwTxe9F3Dt97E7YQzYBfjX83NzktBG,RUG_RISK,5138,5137,4.9,0.9582,429,454,1.287,1.234,1.243,1.130,profit_trail,manual_harvest,2.50,5.95,0.72,0.80,3.94,1.114,1.242,0.755,0.236,winner
BullPad,53tGv3QFnGjFVX4VZ4bEwqMBvDAoQ3mRo1m12KFbe3ab,MOON_SLOW,5140,5139,3.7,1.0038,40,56,1.010,1.014,0.000,0.026,hard_stop,hard_stop,2.50,5.96,-2.50,-5.83,1.44,1.175,1.370,0.499,0.422,rug
NALA,25gpZifqjK2QRdj7MnCSPAFsnmdEwTa7aWdLPSTMNjGR,RUG_RISK,5142,5141,3.0,0.9474,33,34,1.269,1.203,1.233,1.100,profit_trail,profit_trail,2.50,5.95,0.53,0.52,2.48,1.188,1.410,0.629,0.255,winner
CHISPA,5Z2nr4kd5jKtmk3scNodtH4LuCHEY8nZEX5p6QiXav4B,RUG_RISK,5144,5143,4.6,1.0166,600,619,1.560,1.586,1.225,1.022,profit_trail,moon_ratchet,2.50,5.95,0.54,0.28,1.85,1.132,1.280,0.566,0.241,dud
SHIB2,2HQxKuwSk5UUEu4nm6fQXiQ82TzxsmMCbcUbH8utAw6V,RUG_RISK,5146,5145,3.6,0.9995,145,763,1.265,2.350,1.093,2.349,profit_trail,runner_timeout,2.50,5.95,0.13,6.16,2.83,1.099,1.208,0.594,0.621,winner
OS,G6Pa5aE4jm4myGyCCX2gh4HR5aKDLAS2LDifLUfSdwX5,RUG_RISK,5148,5147,3.2,1.0134,119,108,1.190,1.206,1.092,1.120,profit_trail,profit_trail,2.50,5.95,0.23,0.64,2.47,1.183,1.400,0.826,0.240,winner
Boss,CvT94Rz9FjPamRzdCdX33NUmJTtZ5HctXxgTcQ1EFy1v,RISER,5151,5150,3.4,0.9172,271,229,1.663,1.525,0.971,1.335,profit_trail,profit_trail,2.50,7.33,0.46,2.26,4.61,1.198,1.436,0.805,0.163,winner
OS,8TLXQjBuPeGgSMGSWeiUxb53eQVsc5u542gHQXR9Y3a8,RUG_RISK,5154,5153,3.5,0.9559,68,21,1.035,1.000,0.582,0.604,hard_stop,hard_stop,2.50,5.97,-1.05,-2.42,5.15,1.174,1.377,0.856,0.219,winner
Boss,HYSR47G2NrBukrRp43oDGdfXNGH7igxWgF6jmo1qTzTJ,RUG_RISK,5157,5156,8.3,1.0071,42,32,1.295,1.304,0.934,0.924,profit_trail,profit_trail,2.50,5.95,-0.04,-0.17,4.46,1.163,1.352,0.892,0.127,winner
Nong,2FTSPF6WHqmdpLfGzHP8KgwpivB4iHoMqXWKXG54hU6L,RISER,5162,5161,5.9,1.1757,275,29,1.280,1.505,1.941,1.263,profit_trail,profit_trail,2.97,13.57,2.40,3.76,4.48,1.203,1.447,0.916,0.240,winner
187,29pSxVMRy1Q93cL9jQwhVykfyhVFq1skHxXKy19Hs35q,RUG_RISK,5164,5163,4.3,1.0721,533,517,1.391,1.491,,1.395,live_unsellable,stale_take,2.50,5.94,-1.94,2.05,2.00,1.178,1.387,0.828,0.254,winner
Tesla AI,28u8YVUJeVaieVngJ5JnxPX9V2gT74rVBPTDfcyUcnn1,RUG_RISK,5166,5165,16.3,1.0149,75,92,1.001,1.016,0.000,0.000,hard_stop,dust_rug,2.50,5.95,-2.50,-5.92,1.25,1.119,1.252,0.607,0.610,rug
DINO,55751CckoSfFvw2vbAEkj2rWqDe4ynpoVv2fQ71W45gY,RISER,5169,5168,6.4,1.0778,888,250,1.223,1.318,1.423,1.179,runner_timeout,profit_trail,2.80,13.32,1.00,2.61,3.39,1.212,1.468,0.764,0.121,winner
Jimothy,BscUi4cUSfSrvoFo5aZFsuDu3kh5dQ1ftDCEuAvZGdyZ,RUG_RISK,5171,5170,4.2,1.0941,827,213,1.039,1.137,,0.000,live_unsellable,dust_rug,2.50,5.98,-2.50,-5.95,1.96,1.262,1.592,0.757,0.108,rug
WTF,HKNJNiYkVxicZB295AWFcFEPSrcCnkenierDnYPaXyoF,RISER,5173,5172,5.4,0.9739,1008,397,1.204,1.172,1.141,1.105,runner_timeout,manual_harvest,2.82,13.34,1.09,1.28,3.59,1.210,1.464,0.654,0.336,winner
Nong,GP1poZ6MnfyiEySnEj7QPPBbrjjgxPsr35J2vB7nskC,BASE,5177,5176,22.3,0.5943,821,103,1.123,1.000,,0.000,live_unsellable,dust_rug,2.50,6.57,-2.50,-6.53,2.44,1.111,1.231,0.741,0.092,winner
eeepydog,A7FeAeaEe16LVXs3ohaZCSC29Fme7mFaXgt9CEPUKkxi,RUG_RISK,5185,5184,4.4,0.8720,376,132,1.425,1.242,1.052,1.011,hard_stop,profit_trail,2.50,5.99,0.33,0.25,2.99,1.115,1.241,0.769,0.235,winner
SalaryCat,7CpJKS9tqX5BxtxTVNspPR6EscUweisaXKnXZfREd4rM,MOON_STEADY,5189,5188,30.6,1.0358,62,52,1.000,1.023,0.552,0.402,hard_stop,hard_stop,2.57,5.99,-1.15,-3.62,2.44,1.212,1.473,0.497,0.168,winner
Boo,7VHvUXJL74bTphjvCFQ4uiwk1ALYutJzDK9XoS4EPCUu,RUG_RISK,5196,5193,3.8,1.0287,815,377,1.654,1.702,,0.000,live_unsellable,dust_rug,2.50,5.99,-2.50,-4.47,2.57,1.179,1.397,0.843,0.251,winner
SalaryCat,J1XG6AXgwS8365XB7GNSwRLbPEn21cSGQmXSzTLhxGNq,RUG_RISK,5197,5194,3.6,1.0097,794,57,1.299,1.311,1.032,0.983,runner_timeout,profit_trail,2.50,5.99,0.08,0.11,1.61,1.125,1.264,0.789,0.212,dud
Apsey,73iUFa63RS6L3SiMSmnS4A9v1MfXucX9JVtgWRcuNwQX,RUG_RISK,5204,5203,4.8,1.0457,446,444,1.352,1.414,1.350,0.970,profit_trail,profit_trail,2.50,5.98,-0.12,0.03,1.63,1.145,1.312,0.669,0.238,dud
SalaryCat,F3rYW36aPgtEtdk9713agHw62K95NocndvtWcs7kKdR1,BASE,5207,5206,9.1,0.8786,192,95,1.135,1.000,0.000,0.000,hard_stop,dust_rug,2.50,17.17,-2.50,-17.11,1.73,1.226,1.487,0.619,0.225,rug
SalaryDog,GAuHtgkF6NETs5wXV4QUG7XioSZzDaJFDUvw3PFmDQZD,RISER,5209,5208,9.0,1.0535,464,583,1.104,1.287,1.034,1.137,profit_trail,profit_trail,2.50,17.07,0.08,2.62,2.53,1.269,1.612,0.831,0.204,winner
AGI,39Jt4qfHFbB6bSTikfVM1YvwZ3LawzrUtEFtXwEYku3F,RISER,5213,5212,3.1,0.9886,225,230,1.264,1.250,1.189,1.147,profit_trail,profit_trail,2.50,17.10,0.54,2.70,3.99,1.204,1.451,0.673,0.313,winner
fefer,7c8n5RvnEtmFAdErkcE5Ng3t3kNfF6bZqt6F5fetuDV7,RISER,5216,5214,2.8,1.0134,571,600,1.279,1.526,1.255,1.336,profit_trail,profit_trail,2.50,17.10,0.64,5.24,2.15,1.266,1.603,0.796,0.173,winner
aura,2AzfuBV1jjAdWPBEC2wdjAZBpiGxUqG8RnsVwDAfeTBw,MOON_STEADY,5218,5217,3.3,0.9731,36,86,1.116,1.086,0.177,0.000,hard_stop,dust_rug,2.50,8.60,-2.06,-8.56,1.30,1.102,1.217,0.699,0.214,rug
CAP,6ytmBTAcvvF1jAMqchDZZf9fBWSaCcoRXBrLGy2DBqQ1,MOON_SLOW,5222,5221,3.0,1.0511,206,207,1.164,1.224,1.103,1.116,profit_trail,profit_trail,2.50,5.99,0.26,0.62,1.92,1.128,1.271,0.485,0.253,dud
Cupsey,xFm7qM936EAy5iwdrEW1AqZEkCTwDkkdfLMzU1G6WxW,RUG_RISK,5224,5223,2.1,1.1275,48,62,1.034,1.166,0.640,0.440,hard_stop,hard_stop,2.50,5.99,-0.90,-3.40,7.07,1.117,1.288,0.882,0.217,winner
SalaryCat,DxZQthqp5e7CLFq1TGScRyxX2RY9TmwmvNP4uThtuVsp,RISER,5228,5227,3.0,1.1421,779,80,1.000,1.123,,0.000,live_unsellable,dust_rug,2.50,6.59,-2.50,-6.55,1.73,1.192,1.421,0.728,0.243,rug
Spike,2q8vZrxCPdvbEjTWuHUFSCEAYnKaEnHtEkwVw279X9zs,RUG_RISK,5236,5235,3.2,1.0196,524,516,1.547,1.578,1.053,1.040,moon_ratchet,moon_ratchet,2.50,5.99,0.18,0.39,2.00,1.188,1.412,0.639,0.254,winner
Sara,BkJgU9jNzo79AfUnFcvoKVKkPkj8U5gJFGvcphERFgXG,RISER,5240,5239,11.6,1.1307,713,723,1.050,1.187,0.789,0.911,runner_timeout,runner_timeout,2.50,5.98,-0.53,-0.60,1.54,1.197,1.431,0.723,0.254,dud
来福,CbfLc8ztADTkRmHtaPyJ7XD5z1JdMuahMQYpzhiLsb8b,MOON_STEADY,5245,5244,2.0,0.9324,70,68,1.263,1.177,0.804,0.597,hard_stop,hard_stop,2.50,6.42,-0.01,-2.64,8.86,1.174,1.377,0.676,0.180,winner
aura,ARyu2ZgJrCjMZn185mCR5mcVxUqADFGZwEPcFfTTLTky,RUG_RISK,5247,5246,6.6,1.0311,20,365,1.467,2.749,1.433,2.337,profit_trail,stale_take,2.50,5.99,1.10,6.88,2.98,1.159,1.345,0.886,0.203,winner
SalaryDog,8uvpksdhQQ1wfb5QURS9UdzkXXL8cS7GTH3B5M4kJBb9,RUG_RISK,5249,5248,6.6,1.0312,57,91,1.203,1.240,1.127,0.984,profit_trail,profit_trail,2.50,5.99,0.35,0.12,1.27,1.099,1.207,0.906,0.259,dud
Kimchi,92pkC7kdKT53erQzABmvHa36JM4EQmVaL5niDwaNNqEy,MOON_STEADY,5259,5257,3.0,1.0985,607,16,1.114,1.224,,1.095,live_unsellable,profit_trail,2.50,17.16,-2.50,1.49,2.94,1.217,1.481,0.679,0.163,winner
Kimchi,E2MWkVRdRRbq4J2C2YrpBJXwqP8Pb7Z4NgWAEEDCz73z,RISER,5260,5258,2.8,1.0517,838,99,1.136,1.195,,0.000,live_unsellable,dust_rug,2.50,8.58,-2.50,-8.54,1.51,1.141,1.301,0.725,0.226,rug
puf,DFShHviyksHsnUBucCpvsXvdHF4EW2sd3to6uSPxJq7V,RUG_RISK,5266,5265,3.5,1.1265,543,138,2.082,2.345,0.697,1.214,never_armed_stop,moon_ratchet,2.50,6.01,-0.76,2.68,5.06,1.196,1.431,0.664,0.169,winner
puf,4xs8pL6WWTMkJbA1qaCRbqjyefM3oSojjW1EM8G7641T,RUG_RISK,5271,5270,4.3,0.9804,871,83,1.057,1.036,,0.000,live_unsellable,dust_rug,2.50,6.02,-2.50,-5.98,1.21,1.101,1.211,0.844,0.336,rug
Jimothy,241zrJDW8Gu9aR6jXpPLPF2aCYAjqLK9W7tmfY2EHQa2,RISER,5325,5324,2.8,0.9014,111,134,1.316,1.332,1.354,1.197,profit_trail,profit_trail,2.50,17.33,0.83,3.46,3.25,1.273,1.623,0.915,0.144,winner
Chuaccoon,4Bn2nL3B5kzerupBuikX1EjGFdjeSv84SBf9Mg7Vpump,MOON_SLOW,5331,5330,3.8,1.0885,769,147,1.121,1.220,1.321,1.025,runner_timeout,profit_trail,2.50,2.60,0.83,0.01,2.67,1.164,1.308,0.606,0.288,winner
#memecoin,FVUdHJReL4hBBVaVD7hW8UUU97ERuq1rUyWHJz7uqTJs,RISER,5334,5333,5.5,1.0086,767,399,1.086,1.096,,0.000,live_unsellable,dust_rug,2.50,8.69,-2.50,-8.65,1.78,1.199,1.439,0.677,0.129,rug
TRUMP2028,5To6dXKEbrzJTfNQp7XMMvNfuNuQ9mGeopanKZHcCiry,RUG_RISK,5340,5339,5.5,1.0300,117,52,1.000,1.029,0.071,0.234,hard_stop,hard_stop,2.50,6.34,-2.33,-4.89,1.41,1.147,1.311,0.553,0.516,dud
CATE,GW5718Bz2jSCjMJ2tHe7dnzRvjJFWgDKJ3fXfE9hZaXY,MOON_SLOW,5351,5350,6.1,0.9934,832,287,1.003,1.000,,0.000,live_unsellable,dust_rug,2.50,16.57,-2.50,-16.51,1.92,1.213,1.470,0.457,0.332,rug
stonk,HMXE37eGsqz8EC8JGixZooxzScWNGMFyFCGjxMFPQfqS,RUG_RISK,5353,5352,5.7,1.0985,269,270,1.228,1.349,0.905,1.005,profit_trail,profit_trail,2.50,2.62,-0.24,0.06,2.78,1.098,1.204,0.609,0.380,winner
thesis,3appNPbhfEGSBduXgu1Loj6SoYAw7KbuiGq5u7dz7NjR,BASE,5355,5354,7.5,0.9213,549,487,1.075,1.000,0.808,0.740,never_armed_stop,never_armed_stop,2.50,8.29,-0.48,-2.22,1.29,1.097,1.204,0.786,0.264,dud
TRUMP2028,88wTXQgTRuuv6knVuKMgX43uadFLQAN63qEqPDkgzwnJ,RUG_RISK,5357,5356,14.7,1.0629,48,57,1.130,1.201,1.000,1.112,profit_trail,profit_trail,2.50,2.60,0.00,0.23,2.19,1.170,1.369,0.788,0.212,winner
CALLOUT,4zFxKSXA2i84QZiSd69oMF5XPartHPu5q2MwNxzqyzPD,RISER,5360,5359,6.4,0.9388,196,203,1.283,1.204,1.247,1.112,profit_trail,profit_trail,2.50,7.80,0.50,0.78,3.78,1.158,1.340,0.738,0.191,winner
SOL,2m2i5kwSRDY9sWuGeC9EFgtTLXsUNtPThw9AYyGpw2m8,BASE,5369,5368,5.5,0.8406,25,35,1.371,1.261,1.291,0.823,profit_trail,profit_trail,2.50,7.68,0.90,-0.78,3.84,1.161,1.349,0.665,0.175,winner
BUD,5wiqogm8VBndFe2QyRoy6NAPQoj6oyXb6EcDyrfXKJMF,RUG_RISK,5374,5373,5.0,0.9961,321,335,1.306,1.301,1.232,0.993,profit_trail,profit_trail,2.50,2.61,0.65,0.05,2.75,1.162,1.354,0.639,0.310,winner
👀,G2cCFCh5FbCKjsmmHjAnMpaopbAekr86SZGpn8NyfJ95,RUG_RISK,5379,5378,9.3,1.0079,17,139,1.675,2.300,1.638,1.855,profit_trail,stale_take,2.50,5.50,1.41,4.22,7.36,1.136,1.289,0.651,0.167,winner
👀,AjpP1YRXRGygwc8DjXUY39NqyePfHqMWk6ZV38xse6FM,RUG_RISK,5385,5384,2.9,1.0338,301,315,1.068,1.104,0.702,0.692,hard_stop,hard_stop,2.50,6.00,-0.75,-1.90,1.69,1.181,1.394,0.903,0.197,dud
BABYCATE,6pDk7itpB2xQUQAvJLitNFrCSAinjozdPBcS6UsLpump,MOON_SLOW,5389,5388,3.5,0.9498,143,143,1.308,1.243,1.147,1.131,profit_trail,profit_trail,2.50,5.00,0.49,0.58,1.96,1.231,1.455,0.416,0.368,dud
MICHI,FUPs5GVsSRDNDGy8e81jrNNCDv1Q8TyLJzBsH9X8r5Zj,RUG_RISK,5398,5397,3.0,0.9923,408,408,1.215,1.206,1.053,1.112,profit_trail,profit_trail,2.50,6.51,0.13,0.65,1.85,1.106,1.220,0.911,0.265,dud
mooner,3tNN6upeg3mzqpDZcqkYqmJh1zmkXiyyRf2m9HG67rDL,MOON_STEADY,5400,5399,3.7,1.0033,102,45,1.000,1.004,0.486,0.680,hard_stop,hard_stop,2.50,8.39,-1.29,-2.74,2.01,1.137,1.277,0.745,0.359,winner
DANNY,Gjx6y2NwngejKyMw1RbWEH84mzLeAPJS4B9oNDA1ZuDu,RISER,5404,5403,5.9,1.0027,777,135,1.198,1.201,1.055,1.107,runner_timeout,profit_trail,2.50,16.59,0.13,1.64,1.85,1.251,1.544,0.690,0.263,dud
BTK,9AH4tdnNkrUbiW2tjVE97YmATnSvmSMrnNXRZVjhYypY,RUG_RISK,5407,5406,4.9,1.0618,236,124,1.214,1.289,1.224,1.269,hard_stop,stale_take,2.50,6.38,0.65,1.57,2.17,1.141,1.301,0.616,0.266,winner
CATE,Dg5PiQPhoQtbrLBqg8XmjfXHkw2vFrRAPuC3pE9CYsVf,RUG_RISK,5413,5412,3.4,0.9469,818,259,1.373,1.300,,1.127,live_unsellable,stale_take,2.50,2.61,-1.88,0.32,1.92,1.166,1.360,0.859,0.273,rug
WIT,9qAxFRZtyf29V3v6jcjsrhHxASeNUEuCmvipHvPuBCPK,RISER,5432,5431,8.0,1.1423,770,10,1.000,1.201,,1.121,live_unsellable,profit_trail,2.50,15.02,-2.50,1.69,1.52,1.201,1.444,0.779,0.173,rug
HOUSECAT,FYLvt6xJU8BqU6VEtuTey2Qnjbk28HWdsLCfsWfJXS4G,MOON_STEADY,5437,5436,3.4,0.9068,28,29,1.000,1.000,0.629,0.618,hard_stop,hard_stop,2.50,15.05,-0.93,-5.83,8.47,1.271,1.617,0.653,0.134,winner
SOL,7N61LTxKsoGXwoNnofjo7ur9bDF61oP6EnrvXnMFowez,RUG_RISK,5442,5441,7.5,0.9935,34,53,1.039,1.032,0.000,0.086,hard_stop,hard_stop,2.50,5.72,-2.50,-5.25,1.43,1.176,1.378,0.556,0.489,dud
Nongwan,Eai1j4ASU1MerzZSoEMpCpeuwYYtG5WV4om5gFnnSam3,RUG_RISK,5517,5515,6.7,0.9966,826,79,1.090,1.086,,0.000,live_unsellable,dust_rug,2.50,2.67,-2.50,-2.64,1.54,1.143,1.306,0.729,0.170,rug
Nongwan,Hxw8SEwR4uHg98CdfPowy435Mr7ciBQ3wrXK2dgdHHQe,RUG_RISK,5521,5520,3.3,1.0292,766,78,1.311,1.349,,0.000,live_unsellable,dust_rug,2.50,2.67,-2.50,-1.96,1.51,1.155,1.337,0.590,0.257,rug
Nongwan,EDVgBYTrHvgV4mjhBcfHBti2N4Fq4ZTYw9fEzfaPuaeE,RUG_RISK,5525,5524,3.2,1.0199,127,198,1.139,1.244,0.916,0.966,user_cut,profit_trail,2.50,2.67,-0.21,-0.02,5.98,1.102,1.212,0.580,0.284,winner
WETRAC,3uXzxoRY6xyPCtQCh8g9cnQMJNsLmmFUYAjdFPFEpump,MOON_STEADY,5530,5529,3.5,0.9529,160,161,1.555,1.482,1.235,1.203,stale_take,stale_take,2.50,11.39,0.71,2.40,5.02,1.317,1.649,0.673,0.251,winner
酷酷来,6fdj5PKtYsWS2MhyE79aR83fnCupURn7oEXovC8SCrdT,MOON_VIOLENT,5602,5601,5.2,1.0105,20,84,1.385,1.400,0.000,0.000,hard_stop,dust_rug,1.70,2.67,-1.70,-1.38,1.84,1.357,1.843,0.442,0.479,rug
Scam,FQPQZfbaL5aMkhPvjt1GgqRt1kzXCTVGbG7G5JpwJNjn,BASE,5633,5632,5.6,1.1803,25,164,2.064,3.661,1.704,2.075,moon_ratchet,moon_ratchet,2.50,8.34,1.54,10.11,4.05,1.188,1.410,0.664,0.168,winner
pumpkets,Gu2Jwt9L9EGwfNTBUaEQdSYHiHvJmPkyAyJLt2SEUt1o,BASE,5646,5644,3.6,0.9494,27,31,1.407,1.336,1.417,1.012,hard_stop,profit_trail,2.50,7.37,0.34,1.35,2.74,1.426,2.038,0.691,0.097,winner
BILL,CLwHJ3G49joSnKeZBZnGQhNjGpVRJZQTirqpa2jCiBfi,RUG_RISK,5649,5647,3.4,0.9534,148,263,1.547,1.576,1.478,1.043,profit_trail,stale_take,2.50,6.14,1.10,0.55,2.78,1.146,1.311,0.783,0.171,winner
BILL,5of7MmioUo7vApc1JKCJA6XkZihzMMbW9en5wPzznLTg,RUG_RISK,5650,5648,24.0,1.1132,145,19,1.000,1.216,1.139,1.118,hard_stop,profit_trail,2.50,6.14,0.47,0.65,3.37,1.170,1.363,0.701,0.160,winner
CRISCO,7suZoa7gVmYenaE19RioFkh7yGV4qUaTY2pQoSk2mTaP,RUG_RISK,5652,5651,20.3,1.1142,68,83,1.187,1.323,0.950,1.017,profit_trail,profit_trail,2.50,6.15,-0.07,0.33,2.00,1.124,1.264,0.860,0.296,winner
me-me,FiLuqkbwFP1zLe7C6guAcKsPhMg4pWysKdKmpv87Qyy2,RISER,5655,5654,7.6,0.9139,23,80,1.310,1.327,1.164,1.185,profit_trail,profit_trail,2.50,16.16,0.61,3.15,5.23,1.249,1.565,0.628,0.107,winner
Smug,AKtySXj8Wy5nUDbVfbJveLpjnseL8SFokVTuaoRwzui4,BASE,5659,5658,7.5,0.9566,62,75,1.354,1.296,1.315,1.017,profit_trail,profit_trail,2.50,8.09,0.73,0.48,2.31,1.107,1.226,0.768,0.143,winner
CJ,EAkSurWQs1Deit2VAYceyZNWTap5RWgxcCP6NFAtqmxu,RUG_RISK,5661,5660,27.6,0.9082,45,107,1.368,1.263,1.253,0.996,hard_stop,profit_trail,2.50,5.76,0.62,0.17,1.93,1.142,1.305,0.924,0.227,rug
DOINKS,6nc95RtGgQtQwdxSF5r5Ln2e53axKyvbqrYykCUqb6Ta,BASE,5668,5667,10.1,0.9802,821,32,1.242,1.218,,0.863,live_unsellable,profit_trail,2.50,16.18,-2.50,-2.33,2.29,1.262,1.593,0.714,0.077,winner
CPO,DnnxSdi5bnZXEPN9yoFiqYavpZv9qjX7UCvnzF74Rqfw,RISER,5674,5673,7.8,1.1050,35,34,1.089,1.203,,1.121,profit_trail,profit_trail,2.50,8.19,0.03,0.90,1.41,1.102,1.213,0.630,0.295,rug
BUDDY,VARX3KkmYukXBAC9hTrXCyLcTo1PtHvf9wcCHytjo2A,BASE,5677,5676,15.3,0.9946,27,127,1.307,1.375,1.323,1.075,profit_trail,stale_take,2.50,8.91,0.77,0.91,2.57,1.112,1.238,0.782,0.256,winner
Enigma,AMBP3cj5TUhF9869AJ42Eq9UkqozXcGRBnEhBnsqRfZ1,MOON_SLOW,5679,5678,3.7,1.0781,48,19,1.146,1.235,0.378,0.573,hard_stop,profit_trail,2.50,5.19,-1.56,-2.26,3.59,1.157,1.339,0.719,0.079,winner
gream,H9vuXNvsgLfLYNFmsaG77KuJ1wda4DbKYJd7bqJhqYpC,RUG_RISK,5683,5682,3.1,1.0340,53,43,1.000,1.032,0.000,0.101,hard_stop,hard_stop,2.50,2.67,-2.58,-2.42,1.35,1.140,1.293,0.553,0.534,rug
Looks,D5a3Tdh1BPK3TUv6gG8C76ZpKtxtAFa2Ec1BVJ4npump,MOON_STEADY,5687,5686,5.3,1.0213,225,246,2.058,2.102,1.549,1.524,user_cut,stale_take,2.50,2.66,1.05,1.18,2.34,1.119,1.226,0.488,0.312,winner
JBnut,BMUjPCRQDAGs8jW37miFTs4N47ZSPKcAkmTcJJwKJfQa,BASE,5689,5688,19.5,0.8820,769,74,1.068,1.016,,0.000,live_unsellable,dust_rug,2.50,8.87,-2.50,-8.83,1.26,1.124,1.263,0.785,0.276,rug
Looks,3gLCh9hHaZJTEDBMA3b9L2QxPfoPVhR6MeVbdsSZLJhM,RISER,5691,5690,3.2,0.9297,72,60,1.315,1.222,1.279,1.132,user_cut,profit_trail,2.50,2.66,0.70,0.32,2.66,1.110,1.228,0.895,0.191,winner
SNEK,BW5bpXuV3droygqq3HocNbsdUUtAxrD58CUkaAeiNvUZ,RUG_RISK,5703,5702,5.7,0.9919,35,25,1.033,1.025,0.050,0.201,hard_stop,hard_stop,2.50,5.01,-2.52,-4.03,1.30,1.116,1.243,0.566,0.569,rug
Nuannuan,DTQZbnxKE9yYQqtPduD1YiBMwAb4Ssz28TMRECQo4ftL,RUG_RISK,5709,5708,3.4,1.0158,40,36,1.037,1.053,0.000,0.396,hard_stop,hard_stop,2.50,4.76,-2.65,-2.91,1.45,1.145,1.304,0.553,0.562,rug
CLARITY,Cjiq6CesZZP1YJuUMGsk24uMcPEaDbuaKX989R4zyqw4,RUG_RISK,5722,5721,3.4,0.9981,60,59,1.000,1.000,0.000,0.000,hard_stop,dust_rug,2.50,5.14,-2.65,-5.11,1.46,1.172,1.370,0.568,0.544,rug
Dogue,5mPEBha7xRWoqbiKRCyTmfaYPxGufQGDTBCmpS6upump,MOON_SLOW,5838,5837,5.9,1.0116,71,74,1.227,1.241,1.036,1.148,profit_trail,profit_trail,2.50,18.66,0.01,2.61,2.03,1.218,1.388,0.425,0.123,winner
Dogue,CWkyiPGk4FHihdrpDYBZTQwEZF7H1F3VPifeD1VaSDau,RISER,5840,5839,4.5,0.9604,235,362,1.237,1.188,1.141,0.000,profit_trail,dust_rug,2.50,18.67,0.35,-18.60,1.94,1.239,1.536,0.838,0.189,rug
Dogue,FpYL6pcLkH3TPogvo8AZ8VZFKGtcv5qxYJPVN6BKQra4,RISER,5842,5841,3.8,1.0889,69,68,1.118,1.217,1.016,1.128,profit_trail,profit_trail,2.50,2.78,0.04,0.30,1.91,1.219,1.488,0.830,0.234,rug
SIMBA,CEJHtZ38DWcKsbtsF2FmGPJ3GnmyeGLRMnSqm1Ygpump,MOON_SLOW,5856,5855,3.9,1.0942,247,248,1.846,2.020,1.133,1.925,stale_take,stale_take,2.50,2.79,1.51,2.03,3.13,1.132,1.241,0.472,0.349,winner
OSCAR,ANBPjxDiSrdwZSkDtxLpxNcC7iTqgQGn571pTpk8jh6j,BASE,5874,5873,14.1,2.5689,114,120,1.000,1.000,0.851,0.999,drain_guard_cut,drain_guard_cut,2.50,3.94,-0.52,-0.06,3.56,1.427,2.013,0.732,0.143,winner
TRUMP,AsX5GxPvfkxgzJNQXQA7AAkT913MApQiFpFtRFyVKj9y,BASE,5882,5881,8.9,0.3480,23,561,2.873,1.000,1.037,0.684,profit_trail,never_armed_stop,2.50,3.90,-0.11,-1.28,3.96,1.299,1.670,0.709,0.219,winner
JOSE,7cvio5Azraxd6JJSgGQdk1qeUn7dT9jphtTWcjf8xqee,BASE,5885,5884,7.1,0.9113,431,721,1.151,1.049,1.075,0.816,user_cut,runner_timeout,2.50,2.79,0.11,-0.56,1.30,1.099,1.204,0.727,0.462,rug
MEOW,GPZS3ztCBoBV18r42ZoqhZofcmJAbUx7KGgmisoQgNB9,BASE,5895,5894,10.3,0.2979,761,721,3.354,1.000,1.121,0.999,profit_trail,runner_timeout,2.50,5.93,0.23,-0.08,1.56,1.117,1.246,0.797,0.438,dud
DGN,4VXyAoydK2AoYxcqBGjZs1nXRnV6t26MLoK4DGbyjVt9,MOON_STEADY,5898,5896,15.9,0.6626,104,9,1.000,1.000,1.290,0.638,profit_trail,hard_stop,2.50,18.53,0.65,-6.81,3.57,1.240,1.459,0.499,0.252,winner
HUTCH,FggN5sUpMCfSgvmtjRxRfTxppXgtLUz4AePHnvB9BvtQ,RUG_RISK,5903,5902,23.1,1.0346,769,76,1.000,1.037,0.000,0.000,runner_timeout,dust_rug,2.50,2.78,-2.58,-2.75,1.27,1.101,1.208,0.559,0.550,rug
trustmebro,5ePR15hZe4UXV7Wa7GJ8nwJfMndS684QH7YVvLBKPvUU,RUG_RISK,5908,5907,3.9,1.0368,102,81,1.158,1.201,0.000,0.836,hard_stop,profit_trail,2.50,2.93,-2.65,-0.53,1.44,1.107,1.221,0.579,0.588,rug
DIP,7A6WimUrFyXYdXLkDi1mrja1SkdnDYL4vEoXx1E4pump,BASE,5921,5920,13.7,1.0579,316,316,1.211,1.281,0.952,0.989,profit_trail,profit_trail,2.50,18.58,-0.19,0.61,1.94,1.226,1.451,0.653,0.409,rug
DIREX,5KAbdaHswNcFsaufBXJHoLXyCoCNDyfUdL8n8qBLpump,RISER,5974,5973,3.7,1.0304,471,560,1.344,1.698,1.342,1.366,profit_trail,profit_trail,2.50,16.13,0.66,5.38,3.06,1.274,1.551,0.639,0.345,winner
Lexapro,AkYnWBir16eq79PR21Xr3n2d2Q6aasGAofTKyfZVpump,MOON_SLOW,5986,5985,3.5,0.9577,488,481,1.039,1.000,0.467,0.454,never_armed_stop,never_armed_stop,2.50,16.56,-1.48,-9.11,1.47,1.239,1.470,0.408,0.419,rug
frogcat,2XzK878GKk8TaiVakJWrvDKgdBDTqxW2X8iG3Xuwpump,MOON_SLOW,5989,5988,3.5,1.0325,154,147,1.323,1.366,1.155,1.124,stale_take,stale_take,2.50,2.76,0.32,0.39,2.44,1.178,1.344,0.605,0.396,winner
spooderman,8ynFuSwE89ivRHJTqLXXXXeDRaZerF36UFBG8ZmYHnKM,RUG_RISK,6035,6032,4.7,1.1470,19,18,1.097,1.258,0.701,0.986,hard_stop,profit_trail,2.50,5.61,-0.58,0.14,5.55,1.197,1.460,0.632,0.134,winner
BTC,4tQVB9jmPJFNcGe3nEKUGDiNBDmEs8Zs3zXkQURGHEPj,RUG_RISK,6046,6045,7.6,0.9555,66,55,1.276,1.219,1.113,1.122,profit_trail,profit_trail,2.50,2.85,0.38,0.29,2.10,1.122,1.259,0.805,0.304,winner
Wanjan,4LfTX1k63vA41Tf4LZ7xQnob2ggDnbUSsmxxZNbtw25n,RUG_RISK,6052,6051,3.1,1.0066,816,57,1.000,1.005,,0.000,live_unsellable,dust_rug,2.50,2.84,-2.54,-2.81,1.29,1.119,1.239,0.601,0.354,rug
Cybercat,8uDYYrGQfqFog5stehGHLDtcu4CkwE4AuTFLGoKYjcKb,RUG_RISK,6058,6057,5.2,0.9896,774,177,1.157,1.145,,0.000,live_unsellable,dust_rug,2.50,2.84,-2.50,-2.81,1.68,1.161,1.345,0.558,0.291,rug
Cybercat,HM7Mc1HKUaQPeXJYcp1drzg5cnyUQKxy5pQRC2Sn7pR6,RUG_RISK,6060,6059,16.0,1.0819,77,104,1.000,1.080,0.600,0.607,hard_stop,hard_stop,2.50,2.83,-1.00,-1.15,4.70,1.257,1.586,0.600,0.099,winner
PAVEL,4YmD97dnYHiw5eFh2KRVMcLN94ageX1PUgwD91k3etuE,RISER,6108,6107,5.6,1.0840,10,25,1.129,1.294,1.142,1.104,floor_45,profit_trail,2.50,18.89,0.32,2.66,2.50,1.241,1.539,0.808,0.129,winner
mask,8riqmT48EpPfzkNrqAyqRNkmEhAa4oEvRSfYWt5gSApm,BASE,6198,6197,5.6,1.0083,175,113,1.030,1.038,,0.000,live_unsellable,dust_rug,2.50,9.60,-2.54,-9.56,1.26,1.116,1.243,0.789,0.473,rug
ZUKO,5SYujhVBpfcGNrrcjJSa1nsaPQdh35JDHicz6x9Hpump,RISER,6221,6220,2.9,1.0135,83,87,1.290,1.307,1.288,1.143,profit_trail,profit_trail,2.50,19.31,0.62,4.33,4.53,1.275,1.543,0.614,0.222,winner
Dex,GLotsvdzo9mRLSJ76KxLLqxeRaCivaVhP6F6pdB1WhAP,BASE,6234,6233,7.1,1.1839,54,239,1.507,3.792,1.254,2.087,hard_stop,moon_ratchet,2.50,8.81,0.83,2.60,15.89,1.397,1.955,0.608,0.116,winner
Dex,8BBYY8pa6TBtF5RKY8zy5xvzEpjujkk9XDc9JgFGi8MJ,RISER,6242,6240,12.2,0.9449,48,83,1.151,1.088,1.027,0.728,hard_stop,floor_45,2.50,19.34,0.15,-5.37,2.08,1.263,1.595,0.837,0.138,winner
PYRAMID,DZWQiAhKX53kCPzWQ1wGtutH8wGHPmVXeAQeJ5w6pump,RISER,6265,6264,11.0,1.0079,157,722,1.273,2.417,1.249,2.416,profit_trail,runner_timeout,2.50,17.81,0.57,6.37,3.88,1.307,1.638,0.958,0.406,winner
Fraudci,5GcdZPhRLqdQt97pi9VFxBb7wJxX2CkB5Bx8KhYx3T3D,RISER,6268,6267,15.5,1.1163,21,58,1.060,1.299,0.984,1.178,floor_45,profit_trail,2.50,17.81,0.07,2.31,3.37,1.204,1.449,0.861,0.290,winner
PUMP,88hx17475PYXeZ4KziwgjQoEJmmMyHZ5g1dLoFJfpump,RISER,6303,6302,9.0,1.0217,72,66,1.041,1.064,0.618,0.592,floor_45,floor_45,2.50,19.14,-1.10,-7.90,2.14,1.220,1.429,0.598,0.329,winner
PUMP,CnzpS4EhS3XHURvWqypuisBJeVHiKPxWnam9Lw7kpXq,BASE,6306,6304,8.1,0.9033,24,19,1.000,1.000,0.493,0.642,floor_45,floor_45,2.50,19.09,-1.27,-6.93,2.26,1.256,1.580,0.615,0.059,winner
PUMP,5g9cNUDhQtrTrL6BdY4SBadyye4n21K9KtqztX8VhDai,RISER,6309,6308,6.6,0.9733,47,56,1.337,1.301,1.284,1.180,hard_stop,profit_trail,2.50,9.52,0.84,1.11,4.26,1.295,1.671,0.856,0.125,winner
KOSPI,Bqcs4dEBtKCA2C1v1ZRRiKkNtZf485KDWo96vq7KiyA4,RISER,6323,6322,7.8,1.0311,26,70,1.127,1.287,1.125,1.159,hard_stop,profit_trail,2.50,18.99,0.34,2.12,2.86,1.239,1.542,0.793,0.181,winner
Dick Butt,86hsXDXKMiYCK7BuE31uRYnhSbCqGFh7VwAS7Nuxdaqm,BASE,6363,6362,5.9,1.0772,32,172,1.023,1.102,0.870,0.000,hard_stop,dust_rug,2.50,19.01,-0.24,-0.17,1.55,1.203,1.447,0.782,0.246,rug
Ashty,J7GWwoEJCsj3fkPjoo9XYFkcc8So7cx9cUCPR5vDf6iP,BASE,6385,6384,8.9,0.9324,59,233,1.180,1.428,0.880,1.002,basis_first,profit_trail,2.50,14.82,0.14,1.18,2.19,1.202,1.436,0.744,0.362,winner
CTO,9SbwmH1uwGNmwksAPPeHdahtjN7Noz5Luxyr8nEFJKVE,BASE,6418,6417,3.2,0.9748,32,482,1.139,1.110,0.791,0.747,floor_45,never_armed_stop,2.50,7.55,-0.52,0.45,2.00,1.360,1.839,0.783,0.133,winner
Romeo,7Y6iCA9CswkGQNidteQUCywey5tPyHsBNQPWRigapump,RISER,6432,6431,4.1,1.0395,78,98,1.352,1.405,1.331,1.244,profit_trail,profit_trail,2.50,9.47,0.71,2.16,4.18,1.377,1.803,0.665,0.238,winner
Romeo,EXT9dvsfBFhf2qiLzHvFLNiRijSEW4dB51w7JVKJPa7U,RISER,6435,6434,9.0,1.0412,98,107,1.246,1.297,1.129,1.167,hard_stop,profit_trail,2.50,9.47,0.29,1.06,4.00,1.312,1.721,0.877,0.205,winner
Burnian,z8SkLq2cii6mFNPHPDQPyoC5ZnQ1ni7bRuFaPpbpump,MOON_FAST,6445,6444,8.9,0.9846,115,114,1.052,1.035,0.594,0.725,floor_45,floor_45,2.50,2.84,-1.16,-0.83,1.32,1.150,1.280,0.642,0.367,rug
REX,FaUZRD6kNvS2QWrAXrDaCNpSAz2Vx8JN9Rt1ym4upump,RISER,6476,6475,13.7,1.0375,10,20,1.000,1.028,0.700,0.672,floor_45,floor_45,2.50,8.67,0.74,-2.91,2.30,1.451,1.927,0.626,0.237,winner
BOB,D3JJJmkQUYKzBnf1yfPnXu28U9nKvHEj19CyYzkLfjmU,BASE,6484,6483,16.5,0.8901,81,720,1.307,1.189,1.251,1.078,profit_trail,runner_timeout,2.50,8.55,0.63,0.58,1.83,1.318,1.736,0.697,0.170,dud
WWZ⁠,B99m58pn4XEzDjLpzVGtuWM5cLpYgvmue67wuB6Nwkzc,BASE,6552,6551,8.8,1.7221,25,64,1.000,1.726,0.000,0.000,floor_45,dust_rug,2.50,16.71,-2.65,-0.12,1.72,1.248,1.539,0.692,0.207,rug
Gandalf,AQLPTVK7D6KHVFWCgVs6jKdPgwGEs7GPdsGfquq1d4hj,RISER,6558,6557,13.6,1.0575,32,28,1.219,1.289,0.916,1.138,profit_trail,profit_trail,2.50,9.39,-0.14,1.46,3.55,1.299,1.682,0.879,0.160,winner
Nigbob,9VqnPyvX3LDY2XcpwDji5bp7VQPRWUpAMahU1PgJrXjG,RISER,6582,6581,11.1,1.0465,645,612,2.233,2.337,0.000,1.800,profit_trail,profit_trail,2.50,7.68,-2.50,6.15,5.19,1.416,2.010,0.652,0.076,winner
Peanut,Bvu6UcFMwfyjPuTTSJKduSZ5c8xMHmZiT6Waa4QpWb4y,BASE,6598,6597,7.0,1.0490,23,29,1.000,1.016,0.678,0.718,floor_45,floor_45,2.50,19.02,-0.80,-5.47,2.08,1.212,1.469,0.650,0.152,winner
FLAPDOGE,CA5RA8veA13Eg2sP8wj2dnCgz356A2QFMLsrghRDF48V,BASE,6606,6605,6.1,0.9331,770,54,1.000,1.000,,0.699,live_unsellable,floor_45,2.50,18.94,-2.50,-5.81,1.70,1.202,1.423,0.634,0.173,rug
POPDOG,AubW5D6kovPL4CPZdYiQaXwAjknq2wMPeQBFsyjLs5o,BASE,6770,6769,3.9,0.7996,853,394,2.036,1.628,,0.000,basis_first,dust_rug,2.50,20.10,0.29,-0.16,2.39,1.217,1.464,0.700,0.217,winner
orjao,3kXRNcd7qWrMUWGvZthgB35domFtGQvq7vXh2pNnpump,RISER,6777,6776,14.8,0.9065,84,97,1.129,1.023,0.782,0.718,floor_45,floor_45,2.50,20.13,-0.69,-5.79,2.68,1.292,1.584,0.618,0.295,winner
MEWTHREE,4FFrHJbSdkGd2Zuado4ujwUFssBrnHvLbzQcokUP3PJK,RISER,6794,6792,15.6,0.3978,319,350,2.508,1.000,1.354,0.729,user_cut,floor_45,2.50,20.12,0.03,-5.56,7.44,1.229,1.508,0.938,0.428,winner
PATIENCE,7reMhuZKQg9QNBB4kW6dLFSKWBL9YF9GCvSL8VRnfiBc,RISER,6797,6796,12.2,0.4970,25,24,2.010,1.000,0.000,0.621,floor_45,floor_45,2.50,10.14,-2.65,-3.90,2.16,1.394,1.928,0.821,0.156,winner
Bear,EA8G5ZfWoyqecTuhh1ZkHTBYmcvbSMhj2PGuNAhgWyB3,MOON_STEADY,6818,6817,8.6,2.1566,66,71,1.000,1.498,0.000,1.494,basket_harvest,basket_harvest,2.50,10.10,-2.57,4.87,2.20,1.189,1.395,0.757,0.148,winner
BABYASTERO,9ytA8NHwxUb3KbRzyHp8XkNbLdYrR4FNuadTQtdVwLPD,MOON_SLOW,6850,6849,3.9,2.9340,84,85,1.000,2.016,0.000,2.015,basket_harvest,basket_harvest,2.50,3.07,-2.57,3.02,1.64,1.159,1.322,0.759,0.238,open
MOONDOGE,8MWYYpzKP8x7HRCbt2V8eQU8cMYYbaz6dvxxMFRxny28,BASE,6853,6852,4.1,1.2376,18,18,1.000,2.200,0.000,2.198,basket_harvest,basket_harvest,2.50,3.07,-1.64,3.58,1.96,1.370,1.852,0.734,0.188,rug
