id,symbol,mint,signature,book,opened_at,closed_at,hold_s,size_usd,entry_px,peak_px,exit_px,exit_reason,pnl,sells,tp_rungs,token_true_peak,token_final,inflow,trigger_mult,buy_share,rug_prob,wallet_winner_hits,wallet_rug_hits,stars,label
3910,POOL,G5cRLb35pYxNVzUhyRYYZdX5yC1zSLnfc1swg5tAEMAv,BASE,core,2026-07-21 20:49:02.464108+00,2026-07-21 21:05:44.448+00,1001.983892,2.00,0.000000850355,0.000000981700,,live_unsellable,-2.0000,0,0,1.658,0.1360,1.174,1.366,0.745,0.296,0,0,0,rug
3912,DEXBULL,2RjbiViToMYRgPf6p7bn5HD9aru27y5BzS4iR6rUpump,BASE,core,2026-07-21 21:00:12.389841+00,2026-07-21 21:04:49.291+00,276.901159,2.00,0.000080931923,0.000103733935,0.000001562952,profit_trail,-1.5022,2,1,2.387,0.0336,1.292,1.602,0.721,0.464,1,3,0,winner
3915,BullChills,23yMFH1wJB5LNtuuUNJxRZjCNwvuJRfJmNBJ7AoYpump,MOON_SLOW,core,2026-07-21 21:14:57.975741+00,2026-07-21 21:18:39.873+00,221.897259,2.00,0.000050103393,0.000063812274,0.000059125747,profit_trail,0.3644,2,1,2.029,1.9014,1.240,1.475,0.434,0.442,2,0,0,winner
3920,grimace,A72LbyYr7NDbzkMAGS8AQ28Stwn8Gixg7UgFrUS1pump,BASE,core,2026-07-21 21:20:50.391703+00,2026-07-21 21:24:04.441+00,194.049297,2.00,0.000045645360,0.000072535825,0.000055071439,profit_trail,0.6133,5,4,2.328,0.0407,1.185,1.362,0.680,0.516,0,1,0,winner
3921,grimace,A72LbyYr7NDbzkMAGS8AQ28Stwn8Gixg7UgFrUS1pump,BASE,core,2026-07-21 21:20:50.659398+00,2026-07-21 21:24:05.419+00,194.759602,2.00,0.000045652819,0.000072535825,,live_desync_empty,0.3103,3,3,2.328,0.0407,1.185,1.362,0.680,0.516,0,1,0,winner
3923,BullChills,FfMMVL1hQrUPKEKtZr4CSECTsBMa2Xo5NB2qJVvYApiu,BASE,core,2026-07-21 21:22:08.676485+00,2026-07-21 21:38:30.385+00,981.708515,2.00,0.000079709437,0.000160737416,,live_unsellable,-2.0000,0,0,1.418,1.3176,1.179,1.380,0.654,0.318,0,0,0,rug
3939,BSTRAT,4h4EpWVsMiyioXafSg14AYvrWfPGeNVq7KFui94tZhh5,RISER,core,2026-07-21 22:06:52.884575+00,2026-07-21 22:09:20.625+00,147.740425,2.00,0.000010841995,0.000014984890,0.000014935329,profit_trail,2.2578,4,3,2.303,1.7169,1.239,1.538,0.815,0.161,7,0,2,winner
3940,BSTRAT,4h4EpWVsMiyioXafSg14AYvrWfPGeNVq7KFui94tZhh5,RISER,core,2026-07-21 22:06:53.19569+00,2026-07-21 22:09:21.295+00,148.099310,2.00,0.000010847318,0.000014984890,,take_profit_0,-1.0949,2,2,2.303,1.7169,1.239,1.538,0.815,0.161,7,0,2,winner
3944,KirkCoin,Dn7ijcvcy6aqW1PYzE8qiw7aYmyfbVWETGBR9xYimw6S,RISER,core,2026-07-21 22:17:55.36215+00,2026-07-21 22:18:39.86+00,44.497850,2.00,0.000043056345,0.000054361210,0.000055839598,profit_trail,0.5895,1,0,4.224,3.2573,1.332,1.773,0.906,0.135,1,0,1,winner
3947,Deerothy,E2AaS1ZypJYhHEjTykH6cxC6j4cxE9oahM7cazZXq87g,BASE,core,2026-07-21 22:21:02.361185+00,2026-07-21 22:29:09.204+00,486.842815,2.00,0.000000951492,0.000001156129,0.000001328136,profit_trail,0.6974,2,1,4.067,4.0069,1.317,1.721,0.739,0.226,0,0,0,winner
3949,JIMBERLY,12aV3ZvmqjLhB3KAdtQoL5Fvh5y8ap62DFQeZ3XRpump,MOON_STEADY,core,2026-07-21 22:24:09.614077+00,2026-07-21 22:26:20.262+00,130.647923,2.00,0.000043609573,0.000045132556,0.000025424563,hard_stop,-0.8383,1,0,1.966,0.7291,1.295,1.581,0.459,0.183,1,0,1,dud
3951,JIMBERLY,2XXPXYJ2ktrazqQzYb68WiboZpEtaBoUFNcskXdUpump,RISER,core,2026-07-21 22:26:46.533976+00,2026-07-21 22:32:12.75+00,326.216024,2.00,0.000051079923,0.000065271888,0.000038358215,profit_trail,-0.3034,2,1,1.833,0.0412,1.203,1.400,0.885,0.604,0,1,1,rug
3956,GLM,CfZ3pFNUsAGDn75BUUFwTNwohFpqgYAaKgBSubCDr7kD,BASE,core,2026-07-21 22:52:19.316157+00,2026-07-21 23:08:41.031+00,981.714843,2.00,0.000001029626,0.000001029626,,live_unsellable,-2.0000,0,0,1.886,1.6508,1.291,1.649,0.700,0.171,0,0,0,rug
3959,RFC,D6iyeSX2nBKoQm13Xrm139hWfJQXuZLyMCNiQjj84oQV,RISER,core,2026-07-21 22:54:01.094907+00,2026-07-21 22:55:41.907+00,100.812093,2.00,0.000009086275,0.000013617640,0.000009590905,profit_trail,0.2802,2,1,4.041,2.6796,1.234,1.520,0.678,0.289,0,0,2,winner
3961,WIFSEM,AAMBPWRh7bb2xWhJRywCCUDnqgCkULoqsW3aoX9Hpump,CLIMBER,core,2026-07-21 22:54:47.094549+00,2026-07-21 23:03:09.135+00,502.040451,2.00,0.000153229670,0.000153229670,0.000049568575,hard_stop,-1.3573,1,0,4.656,0.0460,2.076,3.841,0.439,0.013,0,4,1,winner
3963,Molly,DCrNTehHw2MosM97VyFUMyUFnn8nzFozDNQVyMuT6d5u,BASE,core,2026-07-21 23:07:27.67298+00,2026-07-21 23:13:52.75+00,385.077020,2.00,0.000000923139,0.000001036000,0.000001173575,profit_trail,0.4346,2,1,4.344,4.3026,1.180,1.382,0.757,0.308,0,0,0,winner
3965,psyopcat,7cmVnV8rADqRRR8a9SSR5esBrqstiYzpTxMiq7xo5hQS,RISER,core,2026-07-21 23:09:35.876144+00,2026-07-21 23:10:30.97+00,55.093856,2.00,0.000011656370,0.000013317315,0.000011681970,profit_trail,0.0001,1,0,3.682,3.6819,1.198,1.434,0.720,0.212,0,0,1,winner
3969,AFTER,3YPSwFg2Vx8jwUXQBwxf47tKUHc5quJenzq83rwGFxL3,BASE,core,2026-07-21 23:37:08.708739+00,2026-07-21 23:50:00.459+00,771.750261,2.00,0.000025534362,0.000027290000,,live_unsellable,-2.0000,0,0,2.353,1.1858,1.251,1.566,0.730,0.068,1,0,0,winner
3970,ACAT,7KgmXNK8Q3RLTYszfz1ZfLDJ7CMkyTSZD5vtzxPQjbLZ,BASE,core,2026-07-21 23:37:10.007537+00,2026-07-21 23:53:45.447+00,995.439463,2.00,0.000000879270,0.000000901200,,live_unsellable,-2.0000,0,0,1.551,1.1082,1.174,1.360,0.732,0.215,0,0,0,rug
3971,AFTER,FNuLmWU3LqFouVz7MkU98dpK5pHCgkAM7DR5k1WJsQeY,MOON_VIOLENT,core,2026-07-21 23:37:10.382732+00,2026-07-21 23:44:37.288+00,446.905268,2.00,0.000000004683,0.000000004683,0.000000000474,runner_timeout,-1.6337,2,1,1.541,0.7799,1.242,1.541,0.432,0.527,0,0,2,rug
3973,WILD,9BrknVaQJEGbASj1ep4iXcJz5oFn1jjtMhk2Ldqcpump,BASE,core,2026-07-21 23:38:40.527426+00,2026-07-21 23:50:07.526+00,686.998574,2.00,0.000115839665,0.000149940248,0.000011441446,hard_stop,-1.8068,1,0,2.081,0.0268,1.310,1.640,0.650,0.204,0,0,0,winner
3977,AFTER,7PjXxpF1JW28KWBhrWjwcxqZBedXgnWobFXtkYtqizE2,MOON_FAST,core,2026-07-21 23:45:32.794197+00,2026-07-21 23:46:41.891+00,69.096803,2.09,0.000143305622,0.001123000000,0.000000001025,profit_trail,-1.8769,2,1,15.476,0.0000,2.144,4.596,0.409,0.007,0,0,2,winner
3980,Angel,AyXx5bMRRffkzAXuQTzoF5QDFNDWMniX3nPqnvhJE4kj,MOON_STEADY,core,2026-07-21 23:50:59.642997+00,2026-07-22 00:03:55.044+00,775.401003,2.00,0.000024228842,0.000024228842,,live_unsellable,-2.0000,0,0,1.733,1.2837,1.226,1.501,0.729,0.146,0,0,2,rug
3981,PSYOPDOG,44iE296fg1AfvF3krdKSuPa1ncWEmU2VD6iKc2eoGs42,RISER,core,2026-07-21 23:51:09.337475+00,2026-07-21 23:55:48.316+00,278.978525,2.00,0.000019794138,0.000025153619,0.000031825663,profit_trail,1.0570,2,1,5.925,5.9251,1.229,1.509,0.810,0.171,0,0,1,winner
3984,IF,8SbArZP4EYZJPb3jTdhCjYMn2XR2dQ4GuQeJRBdWvvDx,MOON_STEADY,core,2026-07-21 23:56:14.277138+00,2026-07-21 23:56:41.82+00,27.542862,2.00,0.000052027575,0.000054439869,0.000017652810,hard_stop,-1.3257,1,0,1.583,0.0000,1.258,1.583,0.473,0.574,0,0,1,rug
3986,PONS,Cmj5vsNn938HW47BGFkFCwLQAtFSbvi6HF77Mq13yBVe,MOON_STEADY,core,2026-07-22 00:11:39.450074+00,2026-07-22 00:12:43.578+00,64.127926,2.00,0.000046831946,0.000048231968,0.000042950134,profit_trail,-0.1701,1,0,6.984,6.0038,1.230,1.514,0.685,0.205,0,0,1,winner
3988,Jimothy,DsbzowqnSLprTZ7QhiH3Vu5dVRzVdA6UW6NTNRwKDm4G,BASE,core,2026-07-22 00:16:23.130854+00,2026-07-22 00:17:43.166+00,80.035146,2.00,0.000024131170,0.000026653631,0.000014331838,hard_stop,-0.8165,1,0,4.770,4.7703,1.405,1.971,0.735,0.053,0,0,0,winner
3991,Jimberly,JAF9prunHgPFjv6nesZ68V5jYoA9QSPnJF9iV5gv1mKK,RISER,core,2026-07-22 01:04:22.752945+00,2026-07-22 01:11:46.742+00,443.989055,2.00,0.000042769230,0.000046513190,0.000016655547,hard_stop,-1.2255,1,0,1.559,0.4177,1.279,1.550,0.602,0.269,0,4,1,rug
3993,win,FYWNheTK5HC5NdroTbXS6q4HjD8QP3p65f6sYMJsnGgH,MOON_SLOW,core,2026-07-22 01:10:45.569948+00,2026-07-22 01:11:11.721+00,26.151052,2.00,0.000025545590,0.000031775720,0.000030134065,profit_trail,0.4174,2,1,1.978,1.6356,1.180,1.391,0.496,0.197,1,0,2,rug
3995,Cooncoin,8Co4uyZBeNUTWxauuaapJpfNihQBoC7rp58LkmkFrGXg,MOON_SLOW,core,2026-07-22 01:17:36.778885+00,2026-07-22 01:17:49.963+00,13.184115,2.00,0.000051469382,0.000063129442,0.000048107206,profit_trail,-0.1311,1,0,3.150,0.0000,1.174,1.378,0.457,0.617,0,1,0,winner
4044,EAGLE,8noAACo5d7JtCsHrEK4zYgv2vXX6AtheFrRXPwJrjwah,RISER,core,2026-07-22 05:30:05.162002+00,2026-07-22 05:31:36.051+00,90.888998,4.00,0.000008732850,0.000010877380,0.000010151142,profit_trail,0.6492,1,0,3.064,2.2356,1.163,1.354,0.658,0.289,0,0,2,winner
4049,Ants,3TSXGzUHMrHbSqnfuSMk5jY2seJ3NuNEnaFZV1XjZDRR,RISER,core,2026-07-22 05:33:59.671856+00,2026-07-22 05:35:21.747+00,82.075144,4.00,0.000025674887,0.000030859193,,profit_trail,0.3611,1,0,4.893,4.0717,1.186,1.406,0.883,0.181,0,0,1,winner
4051,Virehn,3DXCuZkBJxKYvvuzmhsDZem7LpGjWVZqWNXNg3WeF6pL,RISER,core,2026-07-22 05:36:29.651277+00,2026-07-22 05:49:20.14+00,770.488723,4.00,0.000050660935,0.000054554962,,live_unsellable,-4.0000,0,0,1.512,1.1921,1.198,1.434,0.858,0.204,1,1,1,rug
4167,Peace,FetJyPaoZbU1GABEatAoxuqSKFR2CumFYXLsNQHymuQM,RISER,core,2026-07-22 14:26:59.716745+00,2026-07-22 14:28:25.609+00,85.892255,4.00,0.000019136927,0.000026044555,0.000026174621,profit_trail,1.3751,2,1,2.938,2.4903,1.409,1.990,0.820,0.110,0,0,1,winner
4174,BBC,616fUtVCmULrngfrgThnJEK7Wgh45LDMtobMi3Za8sXZ,MOON_STEADY,core,2026-07-22 14:40:01.134028+00,2026-07-22 14:52:55.326+00,774.191972,4.00,0.000000007414,0.000000007414,0.000000000830,runner_timeout,-3.5565,1,0,2.700,0.0000,1.479,2.190,0.420,0.329,0,0,1,winner
4176,BBC,AJTkAMTKW2gEc7Zr5hF2kGsHiGhECkbchone2bWDGXtx,RISER,core,2026-07-22 14:46:24.983794+00,2026-07-22 14:46:56.516+00,31.532206,4.00,0.000012401039,0.000013243501,0.000010902617,profit_trail,-0.3446,2,1,3.378,2.9376,1.302,1.698,0.862,0.087,0,0,1,winner
4220,GIRL,EwRuaR4SVueet49QBkJq6eanw9fGDXP1wRJEPmxmM6Au,RISER,core,2026-07-22 18:28:32.466077+00,2026-07-22 18:33:40.961+00,308.494923,4.00,0.000025616304,0.000030848230,0.000028605340,profit_trail,0.4714,2,1,2.474,2.0261,1.333,1.777,0.818,0.151,0,0,1,winner
4250,Bear Rippe,HRGAx3DS8KZYHuZoHMDXfNfWZrFtiW737aaABvASYYJ2,RISER,core,2026-07-22 19:56:05.839156+00,2026-07-22 20:08:59.776+00,773.936844,4.00,0.000056835885,0.000056837660,,live_unsellable,-4.0000,0,0,1.692,1.5536,1.268,1.607,0.855,0.134,0,0,1,rug
4253,Bear Rippe,FingxUMikhgWSYMu1ErxArEjAyDeug48QFfnH1ejmPPy,RISER,core,2026-07-22 20:02:31.458207+00,2026-07-22 20:19:02.08+00,990.621793,4.00,0.000058014113,0.000059025090,,live_unsellable,-4.0000,0,0,1.700,1.5219,1.219,1.486,0.898,0.136,0,0,1,rug
4258,6506148,HLb6hdnyDgR8kbM9WTW5gkjLfm69HfdZfjHaM52yWQFh,RISER,core,2026-07-22 20:10:13.15505+00,2026-07-22 20:12:51.261+00,158.105950,4.00,0.000023573011,0.000028687555,0.000025858246,profit_trail,0.3835,1,0,1.571,1.1906,1.234,1.521,0.884,0.199,0,0,1,dud
4265,KITTY,AeCY3tGmeWbqqfc1ZzLNwUVJswunU2oeCXUxi8UNtbcm,RISER,core,2026-07-22 20:30:47.211688+00,2026-07-22 20:36:39.978+00,352.766312,4.00,0.000054245631,0.000061866448,0.000047922576,profit_trail,-0.5569,2,1,2.595,2.2495,1.194,1.426,0.893,0.166,0,0,1,winner
4274,COMPUTE,Bbbasj55moJ5HtwrdssLtjgGYgZta9PjdrduYTH2XEqV,RISER,core,2026-07-22 21:24:58.1555+00,2026-07-22 21:34:10.278+00,552.122500,4.00,0.000018909741,0.000025077102,0.000022825024,profit_trail,1.0395,3,2,3.836,2.5975,1.403,1.971,0.755,0.102,0,0,2,winner
4278,ROCK,9K1ysypm4DH31YeFeYtQ65t6Dk1KuBCZrLPKo6HZcfyJ,RISER,core,2026-07-22 21:35:31.65418+00,2026-07-22 21:48:26.463+00,774.808820,4.00,0.000029730774,0.000030923211,,live_unsellable,-4.0000,0,0,2.110,1.8217,1.266,1.605,0.872,0.182,0,0,1,winner
4284,DOP,B9XHe3Qtr3xJ4vomX9tSBHQ2aXJdgKo3igSXCK32NffN,RISER,core,2026-07-22 21:42:34.545858+00,2026-07-22 21:43:12.026+00,37.480142,4.00,0.000009547066,0.000012158890,0.000011561670,profit_trail,0.7795,2,1,1.711,1.4822,1.249,1.558,0.726,0.182,2,0,2,dud
4294,TREMP,9r1MoGhsCBrFvMCbXAeSKEWJRHNoEUdmqZtw6tz5ALug,RISER,core,2026-07-22 22:53:23.91186+00,2026-07-22 23:02:09.653+00,525.741140,4.00,0.000012421386,0.000020036365,0.000019114944,profit_trail,1.9499,2,1,3.597,3.4038,1.339,1.788,0.649,0.172,0,0,2,winner
4301,CartoonCat,BkHPYqHffSur2W1ZJBgnBNg55XreZqZyZZkoumF4K1bi,RISER,core,2026-07-22 23:58:02.024606+00,2026-07-23 00:00:00.45+00,118.425394,4.00,0.000060027757,0.000078917340,0.000072724358,profit_trail,0.8870,2,1,4.776,1.6821,1.394,1.942,0.896,0.110,0,0,1,winner
4308,bitcat,ExoQvJkZSdpHgjjrA9ajGE35TxuuY2z21cSvBG2yvkfH,RISER,core,2026-07-23 01:26:27.06436+00,2026-07-23 01:27:41.251+00,74.186640,4.00,0.000032390738,0.000033833656,0.000011813360,hard_stop,-2.5415,1,0,3.191,1.1049,1.748,3.060,0.810,0.019,0,0,2,winner
4322,Babybara,E6y1TaTer53FSARdckE3Ff7eVGJ6SSfKJECJDvgSiSuk,RISER,core,2026-07-23 04:03:47.413508+00,2026-07-23 04:04:45.186+00,57.772492,4.00,0.000013206651,0.000015769500,0.000014446659,profit_trail,0.4320,2,1,4.098,3.6699,1.413,1.997,0.869,0.113,2,0,2,winner
4325,Gennie,FhKL4xXMxy3K7X4JKcUnDdBhPRVdBk2k6Rqrq1GeX3qt,RISER,core,2026-07-23 04:27:33.425321+00,2026-07-23 04:28:35.285+00,61.859679,4.00,0.000013418641,0.000017448921,0.000017100937,profit_trail,1.0836,2,1,2.739,1.9717,1.393,1.945,0.775,0.118,0,0,1,winner
4327,cap,HyPgKtMsnjgNBJTsbtrtaXPncG3iLzjXVA44fZ6ca1Dt,RISER,core,2026-07-23 04:51:02.066309+00,2026-07-23 04:51:21.602+00,19.535691,4.00,0.000014976260,0.000017303935,,profit_trail,0.3311,2,1,3.172,2.6306,1.320,1.742,0.855,0.135,0,0,2,winner
4331,GRAFFITI,CA4CsVsLmSuTmDapewhSEJun4fNs8FMK2J8mkTdhv1ab,MOON_STEADY,core,2026-07-23 05:53:25.397904+00,2026-07-23 05:54:01.459+00,36.061096,4.00,0.000050471451,0.000061299344,0.000037416740,hard_stop,-1.0350,1,0,6.332,6.3324,1.345,1.813,0.707,0.087,3,0,2,winner
4335,TIMOTHY,DmPFy6AciowTXLhdZrywGD3to6jfna81Yp37skWX6Dv2,RISER,core,2026-07-23 06:27:31.756791+00,2026-07-23 06:34:58.799+00,447.042209,4.00,0.000015631185,0.000018988149,0.000018957415,profit_trail,0.8050,3,2,3.547,2.9499,1.292,1.668,0.837,0.163,2,0,2,winner
4338,BBL,BPsV1as4JoSyRYoS3wWKMKjqEb7HUmDFNpeeaJkJe7Ye,RISER,core,2026-07-23 07:39:15.282428+00,2026-07-23 07:41:21.797+00,126.514572,4.00,0.000034047414,0.000038862555,,profit_trail,0.2250,2,1,3.010,2.4943,1.293,1.672,0.861,0.165,0,0,1,winner
4341,PRACCOON,2SVZJaiDMNjZ1d1fXyoyzwruqD73sac6UQATD4mopump,MOON_FAST,core,2026-07-23 08:34:19.99948+00,2026-07-23 08:47:09.231+00,769.231520,4.00,0.000082207293,0.000097268461,0.000038625944,runner_timeout,-2.1248,1,0,2.158,0.9360,1.274,1.553,0.600,0.309,0,0,1,winner
4346,MATH,D1S6bNqedLaYsURYALHHPG8yxmBN9DAK2mQByiU1Dbi,RISER,core,2026-07-23 10:51:41.183142+00,2026-07-23 10:52:51.279+00,70.095858,4.00,0.000022871782,0.000027788895,0.000024568694,profit_trail,0.3907,2,1,4.066,3.6591,1.298,1.684,0.809,0.123,0,0,1,winner
4348,Optimism,7DKs6fEh2s3ZgX39X6gBEJLpTU9V8f7a8cMtERoRweCo,RISER,core,2026-07-23 11:31:01.982981+00,2026-07-23 11:43:49.767+00,767.784019,4.00,0.000025528323,0.000029794240,,live_unsellable,-3.1967,1,1,1.658,1.5412,1.287,1.658,0.863,0.164,0,0,1,rug
4352,peace,BLB3sYeSVczXTeM3zSfTk6DrV11vgJov6MgKTY2uMV1,RISER,core,2026-07-23 12:38:44.922739+00,2026-07-23 12:40:48.543+00,123.620261,4.00,0.000072008819,0.000081260631,0.000065541281,profit_trail,-0.2389,2,1,3.893,2.1623,1.337,1.793,0.836,0.101,0,0,1,winner
4362,CCM,9YpkpTpFGCcEYxmaQVbtJNdC9r5Cd4NHPDdRSBgbhGd9,RISER,core,2026-07-23 13:48:17.8372+00,2026-07-23 14:01:09.467+00,771.629800,4.00,0.000010373213,0.000012150708,,live_unsellable,-4.0000,0,0,1.712,1.4975,1.217,1.481,0.625,0.249,0,0,1,rug
4370,HONEY,8XDjXwoo5gYxYgmmNbPFRVRWN1Q9i69i9EdCThbvEuse,RISER,core,2026-07-23 14:18:26.310305+00,2026-07-23 14:19:18.948+00,52.637695,4.00,0.000012351949,0.000019350624,,profit_trail,0.7143,3,2,4.931,4.7793,1.315,1.730,0.615,0.125,0,0,1,winner
4372,JOP,CxyApNAjtNigNJMs3VS8h7CchBoVQ7qMppwiwEKTaEMK,MOON_FAST,core,2026-07-23 14:22:45.761067+00,2026-07-23 14:23:57.171+00,71.409933,4.00,0.000021855986,0.000029193499,0.000024457460,profit_trail,0.4719,1,0,2.452,2.3949,1.164,1.364,0.865,0.157,0,0,2,winner
4377,USOH,GrcPfmeABvQU2eccmbBPsTqxQ4W19CVfT2GtRmU8ogy4,RISER,core,2026-07-23 15:04:46.279176+00,2026-07-23 15:17:34.419+00,768.139824,4.00,0.000020168159,0.000020767751,,live_unsellable,-4.0000,0,0,2.063,1.8369,1.171,1.370,0.839,0.182,0,0,1,winner
4381,GaySex,3kKTR1EPaAfRwNQcjxLvg8Ncc5wfiSvegAgLL7WHPb6j,MOON_STEADY,core,2026-07-23 15:12:39.938354+00,2026-07-23 15:12:49.248+00,9.309646,4.00,0.000021737323,0.000021737323,,profit_trail,-0.2087,1,0,2.865,1.5813,1.230,1.513,0.743,0.143,0,0,2,winner
4411,finn,DpVQGZQPgAemvddsLDQXrevizXdYFPYnPPUYCDPrpump,MOON_SLOW,core,2026-07-23 18:49:12.801057+00,2026-07-23 18:52:16.68+00,183.878943,4.00,0.000051012754,0.000062814777,,profit_trail,0.5069,1,0,2.959,2.5275,1.287,1.573,0.475,0.339,3,1,0,winner
4415,JIMBULL,HUhd7eeYwAF35cFzvnKaAoPtRB86D78SfMPGDDrdpump,MOON_SLOW,core,2026-07-23 18:59:38.709177+00,2026-07-23 19:07:59.559+00,500.849823,4.00,0.000042481937,0.000060046809,0.000001991156,profit_trail,-2.6697,2,1,2.060,0.0559,1.211,1.407,0.417,0.396,1,0,0,winner
4419,COW,HjC5spheQgsVucAKQUFBZWUtMqh5xW1mV1k9i5SFkbAN,RISER,core,2026-07-23 19:33:53.076901+00,2026-07-23 19:45:52.516+00,719.439099,4.00,0.000050166525,0.000057643974,,runner_timeout,-1.7081,1,0,2.313,1.0165,1.472,2.167,0.905,0.076,0,0,1,winner
4430,DRILLCAT,8fCFje9v5DkWtDxrjWcBxP2U5jHiGVkiRNdXXkv4xCeW,RISER,core,2026-07-23 22:57:29.162749+00,2026-07-23 22:57:45.107+00,15.944251,4.00,0.000016631694,0.000016631694,,profit_trail,-0.4256,1,0,4.492,2.2219,1.310,1.715,0.675,0.117,0,0,1,winner
4434,Creative,GrjmeuouiGsjarQ84CtGmsezSb1txKGmufUZp94S48fL,RISER,core,2026-07-23 23:13:26.479187+00,2026-07-23 23:18:45.266+00,318.786813,4.00,0.000009736957,0.000012813203,0.000012008460,profit_trail,0.9079,3,2,3.936,3.4085,1.355,1.834,0.635,0.151,0,0,2,winner
4436,Mark,5oZUiVrBiXCUPTLbBCQuttgSTJc1r9yaMNFNymw4Rxp6,MOON_STEADY,core,2026-07-23 23:24:02.433708+00,2026-07-23 23:36:54.745+00,772.311292,2.50,0.000088537824,0.000097188470,0.000000000612,runner_timeout,-2.5042,1,0,2.225,0.0000,1.464,2.142,0.499,0.299,0,0,1,winner
4439,SUITCAT,9cFpzRCc3T9hYBrBgQiU9D9Vjp99A88cHX3gZnA78spK,RISER,core,2026-07-23 23:43:16.200516+00,2026-07-23 23:44:21.975+00,65.774484,4.00,0.000086889410,0.000086889410,0.000018810286,hard_stop,-3.1382,1,0,2.640,1.4857,1.399,1.960,0.807,0.103,0,0,1,winner
4443,CATALYSTS,HjYzGhPU1RjWDXGr6oWar74te8QyLKcJ5DfNsZaG4wav,RISER,core,2026-07-24 00:17:13.871163+00,2026-07-24 00:31:27.7+00,853.828837,4.00,0.000009695846,0.000012042923,,live_unsellable,-4.0000,0,0,1.855,1.8550,1.305,1.701,0.634,0.207,0,0,2,rug
4497,PigMan,Cuqg38QwGeR8YrQsDUbhR2xViGWPP6ng7xsWBAWAwvnN,BASE,core,2026-07-24 12:34:06.059276+00,2026-07-24 12:57:49.284+00,1423.224724,3.31,0.000048028065,0.000048178366,0.000007275662,runner_timeout,-2.8140,1,0,1.692,1.2055,1.108,1.227,0.790,0.179,6,0,0,rug
4523,BULLMOTHY,GeLXhsC5PJXtRVUPZTyREsjNsyy5wydzXp68jsFhhk4k,BASE,core,2026-07-24 15:45:03.495094+00,2026-07-24 15:46:32.738+00,89.242906,3.04,0.000036026826,0.000044754518,0.000042932705,profit_trail,0.5762,2,1,4.416,3.8068,1.230,1.515,0.685,0.158,10,0,0,winner
4539,CXMT,ES5KNi953h4SuRKrWPqQ1pykbJvSVPaAZ2oU28JUZZ4P,RUG_RISK,core,2026-07-24 16:41:54.527662+00,2026-07-24 16:54:11.052+00,736.524338,3.07,0.000007605794,0.000009779412,0.000008704847,profit_trail,0.6041,3,2,2.008,1.9606,1.295,1.626,0.642,0.067,5,1,0,winner
4545,HOLLY,Dtppc56ycudsLr56aAchcBdpg2a67uTz9cXXgVDDnB6M,RISER,core,2026-07-24 17:37:27.631978+00,2026-07-24 17:41:17.519+00,229.887022,3.13,0.000052711228,0.000109576014,0.000074623170,moon_ratchet,2.3859,3,2,6.220,5.4564,1.271,1.614,0.833,0.048,9,0,1,winner
4551,Cozy,7FADHr5hdcbbUBg2GHMXbfCmcby1BCEi3dcDceb7bCiZ,BASE,core,2026-07-24 18:02:01.463238+00,2026-07-24 18:16:06.119+00,844.655762,3.31,0.000023517540,0.000030140000,,live_unsellable,-3.3051,0,0,1.825,1.4400,1.276,1.630,0.684,0.113,10,0,0,rug
4557,Timby,AGHJDGTvoAHYqsfHMDQwxjrjorQ49brk6agEcdQKpump,BASE,core,2026-07-24 18:13:47.480221+00,2026-07-24 18:15:30.357+00,102.876779,3.24,0.000071513845,0.000081884877,0.000063041140,hard_stop,-0.3879,1,0,2.182,0.3405,1.245,1.489,0.613,0.283,3,0,0,winner
4559,$MAGIKARP,27V3sm41urVTqGEWKQJjdGWP17FNMRS5SRh5QaY9QdAQ,RISER,core,2026-07-24 18:15:48.469953+00,2026-07-24 18:28:38.295+00,769.825047,3.22,0.000017249927,0.000017249927,,live_unsellable,-3.2172,0,0,1.554,1.1588,1.247,1.554,0.640,0.205,10,0,2,rug
4562,Milo,Avb8u1G3bSDtCpEW6WL6rrDp6zAzxcAQjq6ag4Vpump,RUG_RISK,core,2026-07-24 18:29:58.543399+00,2026-07-24 18:32:36.726+00,158.182601,2.78,0.000040812996,0.000046154336,0.000027410089,hard_stop,-0.9154,1,0,1.678,0.6956,1.292,1.588,0.593,0.392,1,0,0,dud
4564,USWR,6UP2DBUSgx7NHQVaXGKwvi4pd1KZx9tyNuZFSCrxv2wB,BASE,core,2026-07-24 18:34:17.750248+00,2026-07-24 18:34:28.569+00,10.818752,2.71,0.000037995280,0.000037995280,0.000036477449,hard_stop,-0.1123,1,0,2.308,0.5586,1.230,1.511,0.795,0.050,3,0,0,winner
4566,Tail,5HUHdRf2tRFr1P8GP3yydYPUmwk3CHgoVNAsT3Q7pump,RUG_RISK,core,2026-07-24 18:39:30.074787+00,2026-07-24 18:39:43.637+00,13.562213,2.70,0.000071034905,0.000071034905,0.000065491432,profit_trail,-0.2146,1,0,2.208,1.5143,1.206,1.405,0.587,0.240,3,0,0,winner
4571,Clarity,G6YzzPP4wzfPqapSFHPdhLaowNW182KYbWSZqymktWJH,RUG_RISK,core,2026-07-24 18:59:20.453379+00,2026-07-24 19:12:09.569+00,769.115621,2.68,0.000008530927,0.000009307000,,live_unsellable,-2.6830,0,0,1.593,1.2728,1.262,1.593,0.584,0.188,1,0,0,rug
4584,Cooper,BeeuRymVeAzVEQ68RWLeDBiiQ6r4QfLz8v4BVvdgCBZU,MOON_STEADY,core,2026-07-24 20:00:14.912105+00,2026-07-24 20:00:38.685+00,23.772895,2.50,0.000032004958,0.000039573594,0.000034870250,profit_trail,-0.2074,2,1,3.108,2.9160,1.144,1.310,0.667,0.159,10,0,2,winner
4593,Trench,2WiAa9sawwd3Ns9YxLFSNDRNjfazZoukQ9sQF5h1pump,MOON_STEADY,core,2026-07-24 20:41:59.225807+00,2026-07-24 20:42:13.119+00,13.893193,2.50,0.000042344152,0.000044899584,0.000043252334,depth_collapse_cut,0.0496,1,0,3.006,0.3913,1.247,1.478,0.615,0.260,0,0,2,winner
4600,FORMER,FwZUDHGzgvM3s1Fgu5Q4jwqpuFUWeVdGehbH8oQnkp3b,MOON_STEADY,core,2026-07-24 21:13:08.93572+00,2026-07-24 21:13:35.624+00,26.688280,2.50,0.000038104627,0.000048676864,0.000029514808,depth_collapse_cut,-0.5676,1,0,1.713,0.4682,1.157,1.339,0.793,0.094,3,0,2,rug
4612,Jailbreak,7riRs9hkPxNSvxz1xKWW87oep1q1JoAFQzphnN7ysZSw,MOON_STEADY,core,2026-07-24 22:02:22.151023+00,2026-07-24 22:02:34.017+00,11.865977,2.50,0.000044210168,0.000044256878,0.000043032167,depth_collapse_cut,-0.0670,1,0,3.700,3.3756,1.101,1.214,0.775,0.280,10,0,2,winner
4666,FaZe,3LjqzhQyRSvXZhUVz3vZkQw4zR54hKjbKggc9Bg4QBpa,BASE,core,2026-07-25 01:38:18.011253+00,2026-07-25 01:38:31.175+00,13.163747,3.26,0.000079510684,0.000087902023,0.000078825583,depth_collapse_cut,-0.0322,1,0,1.557,1.1136,1.201,1.431,0.676,0.327,9,0,0,dud
4681,GEM,3ENtBgnaGR3dg9axXx8JjDega6etXabxhiwuqhnNpump,RUG_RISK,core,2026-07-25 02:23:58.174791+00,2026-07-25 02:24:09.08+00,10.905209,3.25,0.000052651355,0.000061569673,0.000059693958,depth_collapse_cut,0.4309,1,0,2.025,0.4639,1.316,1.634,0.549,0.214,1,0,0,winner
4685,bap,BBYMoW6by3g4M1q5CpnnJh7u7jjkxmuWrLWCLYpiUMjd,MOON_STEADY,core,2026-07-25 02:31:47.353579+00,2026-07-25 02:31:54.112+00,6.758421,3.26,0.000039066986,0.000043742994,0.000043063870,depth_collapse_cut,0.3329,1,0,2.814,1.5942,1.200,1.439,0.844,0.155,9,0,2,winner
4687,TRUMPKET,8mWCuhwUpQ6G2T6ftYqwAhBdeidPrYtNoyFg7ZXJ1fDb,RISER,core,2026-07-25 02:32:33.001678+00,2026-07-25 02:32:42.702+00,9.700322,3.26,0.000010540142,0.000010540142,0.000008933082,depth_collapse_cut,-0.4976,1,0,2.839,2.2888,1.274,1.625,0.639,0.238,3,0,2,winner
4693,TRUMP2028,ASA6myVz38URi79BP83oaUsqYgTwVBVAc2MRVVmpSNFC,BASE,core,2026-07-25 02:57:24.995293+00,2026-07-25 02:57:40.316+00,15.320707,3.25,0.000024785965,0.000027114472,0.000029559460,depth_collapse_cut,0.6252,1,0,5.403,0.9378,1.270,1.614,0.646,0.101,10,0,0,winner
4696,VANCE2028,Fmq1QSc3cfPeJ1oBjdoxTWqhgUBYbHAM6g6jEJ9wPEjb,RISER,core,2026-07-25 03:05:22.127328+00,2026-07-25 03:05:32.257+00,10.129672,3.26,0.000022886055,0.000024423781,0.000025412984,depth_collapse_cut,0.3600,1,0,3.029,1.4851,1.278,1.633,0.812,0.183,9,0,2,winner
4702,MONA,BcWiZpe7EzkahgDonHywPVRBQ3q3NhVYfw7wH5gbyGWr,RUG_RISK,core,2026-07-25 03:31:26.416432+00,2026-07-25 03:31:33.887+00,7.470568,3.27,0.000006068681,0.000006090940,0.000005801675,depth_collapse_cut,-0.1481,1,0,1.801,0.0211,1.235,1.499,0.735,0.112,4,0,0,rug
4704,TRUMP2028,DQmgk49JMoUYzGhNQiqbNh8FD7XuCb211bHXBS1Qhdqn,MOON_STEADY,core,2026-07-25 03:32:20.648751+00,2026-07-25 03:32:28.744+00,8.095249,3.27,0.000018719368,0.000021365398,0.000019915020,depth_collapse_cut,0.2081,1,0,1.278,1.0143,1.130,1.278,0.743,0.270,9,0,2,rug
4706,TREMP,GAm7hHmYUWRJjHACHQDPVPoLN9ToRKfWoW4DgMzmQRvr,BASE,core,2026-07-25 03:34:36.168002+00,2026-07-25 03:34:45.637+00,9.468998,3.27,0.000070864224,0.000070864224,0.000059587874,depth_collapse_cut,-0.5203,1,0,5.213,3.6269,1.255,1.576,0.638,0.107,10,0,0,winner
4711,TRUMP2028,FTQyc7xorCaCzYrmr3qNVxNwrHqNPmw68RT2NV5jfJdM,RUG_RISK,core,2026-07-25 03:58:53.594343+00,2026-07-25 03:59:05.367+00,11.772657,3.25,0.000037980660,0.000037980660,0.000035045956,depth_collapse_cut,-0.2518,1,0,6.705,5.0603,1.201,1.441,0.674,0.092,10,0,0,winner
4721,WORM,EjpTCWixMW26FngdU8aoBQvqUnPh4wRWQfWfGWB9eAHU,BASE,core,2026-07-25 04:49:58.783609+00,2026-07-25 04:50:11.28+00,12.496391,3.26,0.000051403794,0.000051403794,0.000040415290,depth_collapse_cut,-0.7001,1,0,3.577,0.4527,1.201,1.438,0.732,0.332,10,0,0,winner
4724,HOLD,7bdqBKpmqK1RpwQkCeroPuunSY5TrCgc1Ee7TWDkVvMT,BASE,core,2026-07-25 05:03:32.550772+00,2026-07-25 05:03:41.878+00,9.327228,3.23,0.000056751935,0.000077989792,0.000069977279,depth_collapse_cut,0.4618,2,1,4.326,2.6222,1.229,1.492,0.661,0.202,8,0,0,winner
4727,Mymo,4XLqUeNX1Mpvgz9hgoNZuSCjezc2WPxQsPEpEwEEh9FJ,MOON_STEADY,core,2026-07-25 05:19:29.61332+00,2026-07-25 05:19:41.883+00,12.269680,3.24,0.000045553788,0.000047419515,0.000042084667,depth_collapse_cut,-0.2468,1,0,1.294,0.9073,1.127,1.270,0.792,0.167,2,0,2,dud
4731,shor,7X9EQZSLJKyS1mmRaAYAmGwNMsZbZzocpm9KYyTtKKN2,RISER,core,2026-07-25 05:39:18.348514+00,2026-07-25 05:39:32.541+00,14.192486,2.50,0.000075847879,0.000079525128,0.000077194580,depth_collapse_cut,0.0440,1,0,1.718,1.6394,1.197,1.433,0.847,0.244,4,0,2,dud
4734,TRUMP2028,6PrJaqNMf5Poeso4e87SxNX4rygK4SWaF8VZpo4eJuio,RISER,core,2026-07-25 05:46:31.429353+00,2026-07-25 05:46:37.199+00,5.769647,2.50,0.000011953796,0.000012526260,0.000012193033,depth_collapse_cut,0.0497,1,0,2.816,2.0534,1.190,1.415,0.806,0.219,8,0,2,winner
4745,FSR,AXC5S7ap52zytzAF58nTJTkvZ7VYzFKXYULpErCwUFLE,BASE,core,2026-07-25 06:03:59.895479+00,2026-07-25 06:04:13.148+00,13.252521,3.22,0.000032832923,0.000034317155,0.000028344412,depth_collapse_cut,-0.4438,1,0,1.624,0.9176,1.278,1.624,0.785,0.279,7,0,0,rug
4750,qworm,BtYyiyYyFZK5c4jrstumtQyRyaw4vPEiJcKKjUJuArw3,RUG_RISK,core,2026-07-25 06:13:00.169373+00,2026-07-25 06:13:09.477+00,9.307627,2.50,0.000020593260,0.000020927467,0.000020337600,depth_collapse_cut,-0.0314,1,0,2.575,2.5142,1.120,1.255,0.871,0.341,10,0,0,winner
4757,qworm,75SerFWNFfkkWjQhRYsToyRDq8tSnBQvYhMrYV8inWsG,MOON_STEADY,core,2026-07-25 06:25:47.947183+00,2026-07-25 06:25:59.427+00,11.479817,3.17,0.000087346204,0.000097640404,0.000101515258,depth_collapse_cut,0.5139,1,0,4.939,2.6227,1.161,1.351,0.710,0.120,10,0,2,winner
4759,qworm,FEWviRkEfkEZ4FGQCksqkRYLRjFSU1FivXWtSWkh7ikM,RISER,core,2026-07-25 06:26:42.658324+00,2026-07-25 06:26:52.4+00,9.741676,2.50,0.000055164967,0.000055164967,0.000043037069,depth_collapse_cut,-0.5500,1,0,3.642,1.9423,1.187,1.411,0.886,0.180,10,0,2,winner
4762,PONS,5iqLVjaeahBgmdu4ps1opFwXg1RYq3gPUYjtMyENJgz,RUG_RISK,core,2026-07-25 06:33:45.174025+00,2026-07-25 06:34:08.198+00,23.023975,2.50,0.000004229492,0.000004750168,0.000004522225,depth_collapse_cut,0.1690,1,0,1.466,1.4395,1.108,1.206,0.649,0.160,4,0,0,dud
4764,CASHCAT,ABGHsrkAxJTqZxS37DYTMrNpkVjK2rze83mdtxb7DNGR,RUG_RISK,core,2026-07-25 06:33:50.345884+00,2026-07-25 06:33:59.934+00,9.588116,2.50,0.000003710831,0.000003861245,0.000003815475,depth_collapse_cut,0.0664,1,0,1.314,0.0062,1.113,1.208,0.831,0.142,2,0,0,rug
4766,Erdős,3qoLiErwp1dL3kxYuAXA7uycLP4JrfTFkSqb83D3rU6C,BASE,core,2026-07-25 06:36:03.16536+00,2026-07-25 06:36:14.443+00,11.277640,2.50,0.000037495873,0.000041445118,0.000036977947,depth_collapse_cut,-0.0349,1,0,2.069,0.4794,1.104,1.220,0.753,0.203,10,0,0,winner
4768,NOCK,H1VuYfnP7TUdM2U1N3xYdsxxoe8doZjgrnbEXXSE5ttb,RUG_RISK,core,2026-07-25 06:41:53.572779+00,2026-07-25 06:42:03.668+00,10.095221,2.50,0.000006533848,0.000006541287,0.000006248424,depth_collapse_cut,-0.1133,1,0,1.747,1.4011,1.146,1.259,0.500,0.108,3,0,0,dud
4770,Erdős,FFtJPPwVwgEWeXDRfmzeUQnkquoyAaGPdJJEsgTLTqEn,RISER,core,2026-07-25 06:44:47.492829+00,2026-07-25 06:44:54.028+00,6.535171,3.16,0.000076580594,0.000082549597,0.000086232979,depth_collapse_cut,0.3976,1,0,2.299,2.1782,1.217,1.482,0.842,0.225,3,1,1,winner
4772,goodcoin,BEoWYpm4WAUJL8h9JDbE5YbKoH5wi7wDpRkwTRzSiJNd,RUG_RISK,core,2026-07-25 06:52:51.751216+00,2026-07-25 06:52:56.284+00,4.532784,2.50,0.000009823009,0.000009823009,0.000009558027,depth_collapse_cut,-0.0678,1,0,2.511,2.5106,1.135,1.287,0.590,0.248,2,0,0,winner
4774,NODFATHER,BQ2Ztj7XsWwpZFYvFE8EZgfSSoqYM7Hs73FpDrTSmfMt,BASE,core,2026-07-25 07:10:45.863752+00,2026-07-25 07:11:00.578+00,14.714248,3.18,0.000040366897,0.000041725732,0.000038078685,depth_collapse_cut,-0.1807,1,0,1.585,1.2333,1.212,1.463,0.765,0.226,9,0,0,rug
4776,HOOD,CzG5XJjMg286imN82SUdwf8UUgZ9Ao1y7m29zCN7ZF2t,RUG_RISK,core,2026-07-25 07:13:57.958876+00,2026-07-25 07:14:12.091+00,14.132124,3.17,0.000006491410,0.000007770469,0.000007692008,depth_collapse_cut,0.5818,1,0,2.242,2.1098,1.217,1.439,0.665,0.092,7,0,0,winner
4780,gelato,V7ieD3HA531txxziJZYMLCVSBodZrUwRXNJwjC3d91c,BASE,core,2026-07-25 07:32:17.759598+00,2026-07-25 07:32:24.807+00,7.047402,3.18,0.000033565018,0.000038377894,0.000032512342,depth_collapse_cut,-0.1038,1,0,5.648,0.9989,1.282,1.620,0.716,0.221,8,0,0,winner
4784,冰淇淋,BqLzf5mes2L918s4Vxpff8mJ93yTcUXD3RRB93ZHgnPr,RISER,core,2026-07-25 07:40:15.67166+00,2026-07-25 07:40:24.213+00,8.541340,3.17,0.000028981519,0.000030678451,0.000030842363,depth_collapse_cut,0.2033,1,0,3.948,1.6050,1.247,1.557,0.868,0.185,4,0,1,winner
4786,gelato,C52kb1sqCNv3BxBrjp63sM75bCVx9eQxiKRTDKUyVi51,BASE,core,2026-07-25 07:40:30.165489+00,2026-07-25 07:40:37.579+00,7.413511,2.50,0.000023669052,0.000025050553,0.000024613451,depth_collapse_cut,0.0994,1,0,4.693,1.5109,1.109,1.231,0.737,0.268,9,0,0,winner
4788,gelato,5wJsBDmY5zViozNAjcwoZssU8MF76eJpKEfVtY4Yce5H,BASE,core,2026-07-25 07:48:28.516132+00,2026-07-25 07:48:38.871+00,10.354868,2.50,0.000038888820,0.000045330529,0.000045348118,depth_collapse_cut,0.4149,1,0,5.028,4.7837,1.190,1.416,0.778,0.225,10,0,0,winner
4791,gelato,3viWvLcT8APpk1t67aouM3fcavCcmdMBqvgmPHMm1VLr,BASE,core,2026-07-25 07:54:41.538139+00,2026-07-25 07:54:47.776+00,6.237861,3.18,0.000038622164,0.000038622164,0.000036776155,depth_collapse_cut,-0.1560,1,0,3.310,2.8049,1.205,1.429,0.710,0.263,6,0,0,winner
4794,gelato,4Uh6khNjLFgpwfbRcTCRM1mXBYzW1L3RFzNyVgvHRMBx,BASE,core,2026-07-25 08:10:31.089431+00,2026-07-25 08:10:39.74+00,8.650569,3.16,0.000030172369,0.000037659028,0.000033111541,depth_collapse_cut,0.3036,1,0,10.806,10.8065,1.258,1.556,0.730,0.233,8,0,0,winner
4798,RUSS,6XH1NRszFc6hCk6HLGrkkHX1jWMQH6rFc1hM785Lb9Sr,RUG_RISK,core,2026-07-25 08:19:20.396643+00,2026-07-25 08:19:27.88+00,7.483357,2.50,0.000033131425,0.000051566370,0.000051587377,depth_collapse_cut,1.3562,2,1,7.421,6.0173,1.165,1.355,0.600,0.075,10,0,0,winner
4799,RUSS,2FCerziZbakcdDbuQNgEWPxGRPYGmBzMxEJKkqJEpump,RUG_RISK,core,2026-07-25 08:19:23.062435+00,2026-07-25 08:19:30.877+00,7.814565,2.50,0.000050808623,0.000052810758,0.000052144014,depth_collapse_cut,0.0617,1,0,2.778,2.2060,1.110,1.205,0.559,0.415,3,0,0,winner
4801,RUSS,9jcZTkKECp992KbqJr94rDvbqHsdRgQNb3XsFtJ4LDYa,MOON_STEADY,core,2026-07-25 08:25:55.687391+00,2026-07-25 08:26:05.704+00,10.016609,3.19,0.000076752608,0.000084874828,0.000069825385,depth_collapse_cut,-0.2879,1,0,1.892,0.7594,1.102,1.213,0.759,0.245,9,0,2,dud
4803,Divas,5EGrGPL5ZBpx8uCWBEXm5XRVJ9LMm1f7ktfh7wjfajob,RUG_RISK,core,2026-07-25 08:30:06.352362+00,2026-07-25 08:30:15.679+00,9.326638,2.50,0.000008849823,0.000008849823,0.000008911268,depth_collapse_cut,0.0170,1,0,1.503,1.5031,1.164,1.353,0.573,0.221,2,0,0,rug
4807,RUSS,6UqUpifrUxMDPJw1S5VBDXiFvFp8P5zqdg5E1YVUDmNR,RISER,core,2026-07-25 08:32:57.496724+00,2026-07-25 08:33:08.479+00,10.982276,3.18,0.000021388881,0.000021388881,0.000015137063,depth_collapse_cut,-0.9302,1,0,9.871,5.5499,1.220,1.488,0.861,0.099,10,0,2,winner
4808,TRump2028,3SYftbywxgAp8Wr6x1bXaeuPxSVmXsNtdQSZxbU5hvqq,RUG_RISK,core,2026-07-25 08:32:57.611152+00,2026-07-25 08:33:11.806+00,14.194848,2.50,0.000010263966,0.000010263966,0.000009422588,depth_collapse_cut,-0.2053,1,0,1.853,1.6075,1.171,1.371,0.625,0.268,4,0,0,rug
4810,DEER,7AmCPoRq3DXoY6VedV3dDF2zFmnVTzt8pshYcMYEpump,RUG_RISK,core,2026-07-25 08:36:52.9595+00,2026-07-25 08:36:59.719+00,6.759500,2.50,0.000044373146,0.000044373146,0.000041774489,depth_collapse_cut,-0.1505,1,0,1.300,0.9939,1.124,1.232,0.586,0.426,2,0,0,dud
4812,DEER,6UPKTJZpoKi5vtStjpuWEV9DA3KfTSHZn26TTM8J8Dyj,RISER,core,2026-07-25 08:41:40.761296+00,2026-07-25 08:41:50.295+00,9.533704,2.50,0.000027283321,0.000028122117,0.000030422719,depth_collapse_cut,0.2873,1,0,2.603,2.1826,1.136,1.280,0.879,0.254,10,0,1,winner
4814,DEER,6ooqYn83fk7DyyGx9bnjQJyb2f5vK3RTgJPS6uUc7EqJ,RUG_RISK,core,2026-07-25 08:44:51.574006+00,2026-07-25 08:45:00.082+00,8.507994,2.50,0.000017042160,0.000017790101,0.000016605309,depth_collapse_cut,-0.0645,1,0,1.515,1.4482,1.185,1.405,0.855,0.209,7,0,0,rug
4819,RUSS,76sdy41sYaaS9FJTXoZYhDD7gXD4KtxAbEAnSBke212Y,RUG_RISK,core,2026-07-25 09:01:46.1992+00,2026-07-25 09:01:51.04+00,4.840800,2.50,0.000038476265,0.000039088830,0.000032463901,depth_collapse_cut,-0.3947,1,0,4.534,4.5343,1.171,1.346,0.725,0.309,4,0,0,winner
4821,Snowflake,27uZ8eeBL1wZChMUUZc1WrJo8mZ5Q9JnEbxQHzRjpump,RUG_RISK,core,2026-07-25 09:10:49.552665+00,2026-07-25 09:10:57.705+00,8.152335,2.50,0.000030582784,0.000030582784,0.000028678174,depth_collapse_cut,-0.1598,1,0,1.921,1.6105,1.161,1.304,0.595,0.458,2,0,0,dud
4824,Snowflake,9h3w5hyW5ZahfzVZi6soYzww3zkUKRxUtt4NgQTdRRGa,RISER,core,2026-07-25 09:27:05.154625+00,2026-07-25 09:27:15.385+00,10.230375,3.13,0.000024822147,0.000028492437,0.000025869979,depth_collapse_cut,0.1318,1,0,4.089,1.9485,1.215,1.475,0.815,0.102,10,0,2,winner
4826,Snowflake,FzV29uRMbqhkdzxqH1mKBnULQMFZSF3JZJoGYz9SidHd,RUG_RISK,core,2026-07-25 09:28:40.174695+00,2026-07-25 09:28:49.098+00,8.923305,3.13,0.000058245245,0.000067793886,0.000069943339,depth_collapse_cut,0.6283,1,0,5.790,5.7897,1.251,1.565,0.577,0.163,6,0,0,winner
4829,BEE,5WRP5f5xE4xn6x2RVw9RoEvoCae7dvqVuXxLpFgoGhSQ,RUG_RISK,core,2026-07-25 09:33:25.591883+00,2026-07-25 09:33:32.817+00,7.225117,2.50,0.000009051236,0.000009448861,0.000009302206,depth_collapse_cut,0.0689,1,0,3.235,2.9988,1.179,1.390,0.643,0.237,8,0,0,winner
4831,RUSS,7yu2A54TPg9n4YbiSu7xZxF7q8W1tGGbPaZyBvwsVfSe,RUG_RISK,core,2026-07-25 09:35:00.580734+00,2026-07-25 09:35:10.896+00,10.315266,3.14,0.000084335295,0.000093809707,0.000084369334,depth_collapse_cut,-0.0028,1,0,1.950,1.2283,1.211,1.435,0.653,0.213,7,0,0,dud
4833,Buck,DcU3wV6wxcsRwhCsRVLzFDJCMiWWYHbuWn92hRZzwT36,RUG_RISK,core,2026-07-25 09:40:28.716695+00,2026-07-25 09:40:38.285+00,9.568305,3.13,0.000035246054,0.000039051966,0.000039349556,depth_collapse_cut,0.3645,1,0,5.731,5.2184,1.227,1.506,0.830,0.156,8,0,0,winner
4839,HIP,Hnkg5N2SScXxXwQKtgVZV1qNfbeiMcc6CYZM1S34xDUT,RUG_RISK,core,2026-07-25 10:15:31.296604+00,2026-07-25 10:15:39.242+00,7.945396,2.50,0.000064263298,0.000064974233,0.000057412753,depth_collapse_cut,-0.2669,1,0,3.175,1.2811,1.147,1.316,0.590,0.157,10,0,0,winner
4843,internet,Ffo8CKsLJdfqacVwDwydTZyKpB9zSC8Sk3rqacDVycBy,RUG_RISK,core,2026-07-25 10:26:35.731524+00,2026-07-25 10:26:45.512+00,9.780476,2.50,0.000013043995,0.000013043995,0.000010904810,depth_collapse_cut,-0.4104,1,0,1.718,1.6238,1.102,1.215,0.626,0.163,5,0,0,dud
4846,boop,4w9RUqDxaQeyPonXHU6jRam5rwtHnBCKBPyATLytQwTX,BASE,core,2026-07-25 10:46:24.037806+00,2026-07-25 10:46:34.206+00,10.168194,2.50,0.000082968352,0.000087632036,0.000081548884,depth_collapse_cut,-0.0432,1,0,3.469,0.9868,1.154,1.332,0.708,0.128,10,0,0,winner
4848,BLOOP,9HwLDcVcFN1XYxsWRpf3dNwrs1arx2LG9yEbPMNjpump,RUG_RISK,core,2026-07-25 10:54:58.516506+00,2026-07-25 10:55:08.812+00,10.295494,2.50,0.000052997970,0.000052997970,0.000044259957,depth_collapse_cut,-0.4162,1,0,1.528,0.0433,1.166,1.315,0.584,0.284,2,0,0,rug
4851,FKR,BJPosBJ9ihZZNgadRA5SfVsQamtpTQA3pSft5Zn7QFYr,RUG_RISK,core,2026-07-25 10:56:38.866456+00,2026-07-25 10:56:43.717+00,4.850544,2.50,0.000008563230,0.000008657536,0.000008432556,depth_collapse_cut,-0.0385,1,0,1.724,1.5890,1.105,1.219,0.849,0.372,4,0,0,rug
4853,RUSS,GsRNiHmbNXRuCnXuwHTyqT6DF1pq9Uj5AmxtpBuo5qis,MOON_STEADY,core,2026-07-25 10:57:06.63347+00,2026-07-25 10:57:09.809+00,3.175530,3.11,0.000027486611,0.000029450465,0.000026648060,depth_collapse_cut,-0.0953,1,0,5.128,4.4247,1.110,1.231,0.750,0.243,10,0,2,winner
4857,sharkdog,DNvM5g9zyeXiMgAFwK8EUDzEz8AhdTpu4GACjJ4KnzPM,BASE,core,2026-07-25 11:12:24.054145+00,2026-07-25 11:12:34.105+00,10.050855,3.11,0.000031279196,0.000036379579,0.000038525423,depth_collapse_cut,0.7197,1,0,3.605,1.2153,1.264,1.600,0.641,0.093,10,0,0,winner
4859,RUSS,Gme16bhj4wDpAQmTR2FJZdFG2XNRZnMJ5zEYJYtHK4z9,MOON_SLOW,core,2026-07-25 11:16:25.440483+00,2026-07-25 11:16:30.942+00,5.501517,3.12,0.000041009782,0.000042499231,0.000039321549,depth_collapse_cut,-0.1289,1,0,5.486,3.6640,1.143,1.307,0.706,0.078,10,0,2,winner
4862,FKRR,EQrNDJwDUCjWL6hrTDJf6eyH2f5JLD9pmJGrvKbQaphq,MOON_STEADY,core,2026-07-25 11:21:32.713199+00,2026-07-25 11:21:47.163+00,14.449801,3.12,0.000037969216,0.000046563464,0.000039935657,depth_collapse_cut,0.2259,2,1,4.679,2.9148,1.098,1.206,0.757,0.142,10,0,2,winner
4864,sharkdog,Hp2mazuPTrUj4AHtQ85rTi744Qpt7iznAoJNDLjbX1Jt,BASE,core,2026-07-25 11:30:37.746443+00,2026-07-25 11:30:44.852+00,7.105557,2.50,0.000047346258,0.000053992679,0.000054022330,depth_collapse_cut,0.3521,1,0,2.599,1.7375,1.120,1.255,0.682,0.071,10,0,0,winner
4866,DIP,Ab6z8Yovbho7YFTg2NV8qgKgELwDSTvprGYNwnGs23r1,RUG_RISK,core,2026-07-25 11:35:22.871919+00,2026-07-25 11:48:49.105+00,806.233081,2.50,0.000008468213,0.000010000000,,live_unsellable,-2.5000,0,0,1.355,1.2140,1.154,1.333,0.564,0.245,2,0,0,rug
4869,peacedog,35kwksYATqKdRtJT5p48BwmFRmaXKx8Gaw89wUkoR2vf,RUG_RISK,core,2026-07-25 11:39:21.823615+00,2026-07-25 11:52:38.448+00,796.624385,2.50,0.000009437144,0.000009530000,,live_unsellable,-2.5000,0,0,1.263,1.2094,1.111,1.235,0.563,0.268,3,0,0,rug
4872,4,Bh1tNGUENdfK76zQTiJMyD9bbJbftaLF4A7w6mCo4d5R,RISER,core,2026-07-25 11:51:17.377096+00,2026-07-25 11:51:25.238+00,7.860904,2.98,0.000012686524,0.000012686524,0.000012685331,depth_collapse_cut,-0.0007,1,0,1.912,1.6407,1.215,1.476,0.673,0.243,6,0,2,dud
4875,DOLLS,C5UCeQrucNia8XWqdedtck6zD4A4z2CaX5WuSeZbX8uA,MOON_STEADY,core,2026-07-25 12:00:03.320335+00,2026-07-25 12:00:10.225+00,6.904665,2.85,0.000034392692,0.000034392692,0.000034959221,depth_collapse_cut,0.0466,1,0,15.936,14.4088,1.194,1.430,0.725,0.170,10,0,2,winner
4877,TRUMP2028,Hgupm4FasxmomjU5qePPR8UwxBbRpFKY1Lrd1JdCjnKz,RUG_RISK,core,2026-07-25 12:09:40.022065+00,2026-07-25 12:09:50.317+00,10.294935,2.50,0.000027288095,0.000028511796,0.000027781554,depth_collapse_cut,0.0448,1,0,2.179,2.0720,1.102,1.214,0.862,0.351,8,0,0,winner
4879,PIXEN,G218aYUTB8MvJwLbC19TdAf4GLtXeb45nbS9Qk3QmEoh,RUG_RISK,core,2026-07-25 12:16:04.930887+00,2026-07-25 12:16:12.65+00,7.719113,2.50,0.000027223025,0.000029087069,0.000026059268,depth_collapse_cut,-0.1072,1,0,2.319,1.1801,1.137,1.295,0.874,0.248,7,0,0,winner
4881,BABYCUPSEY,CM2iYiDg99MNwNtjX67q9nJxXWgfAVQMXTUVDFvAM2GP,MOON_STEADY,core,2026-07-25 12:21:48.324846+00,2026-07-25 12:21:56.499+00,8.174154,2.84,0.000045448455,0.000045448455,0.000042014115,profit_trail,-0.2151,1,0,2.839,0.8559,1.167,1.361,0.630,0.085,10,0,2,winner
4883,JACOB,2nxb3cHBJDq75pp58uLZPy6fHynCv34qjZGnsSc8pump,MOON_SLOW,core,2026-07-25 12:33:35.732453+00,2026-07-25 12:33:47.948+00,12.215547,2.82,0.000038674039,0.000038674039,0.000036656905,depth_collapse_cut,-0.1513,1,0,4.214,3.9708,1.140,1.261,0.431,0.432,2,1,2,winner
4886,Jacob,G8jDhPSnHzPzXyiPxq46GMsr5jKS5Ekeqev65j7Z6oUT,RUG_RISK,core,2026-07-25 12:35:10.746658+00,2026-07-25 12:35:18.988+00,8.241342,2.50,0.000009272034,0.000009272034,0.000008719725,depth_collapse_cut,-0.1493,1,0,1.964,1.7651,1.145,1.310,0.853,0.292,4,0,0,dud
5116,Bee,ASHu6D6L8rX3aFEa1ADsMAiHEv3XjPSRPXM5vEFwDys2,RUG_RISK,core,2026-07-26 03:49:38.245101+00,2026-07-26 03:49:52.207+00,13.961899,2.50,0.000008667760,0.000010366394,0.000010367548,depth_collapse_cut,0.4899,1,0,11.164,11.1639,1.107,1.226,0.720,0.229,7,0,0,winner
5119,TiredJim,6CChP568Kj9bCNEqPirCxY5J5XotsAp8e2ddQGnwz18M,RUG_RISK,core,2026-07-26 04:00:05.711559+00,2026-07-26 04:00:10.78+00,5.068441,2.50,0.000010684268,0.000010684268,0.000010745805,depth_collapse_cut,0.0140,1,0,1.827,1.2038,1.100,1.210,0.836,0.272,2,0,0,dud
5121,FLUF,AdzqFRDHxviyWcuhAhzH6AV6DSTGch987J4tRH6rCoUU,RUG_RISK,core,2026-07-26 04:17:47.594131+00,2026-07-26 04:17:52.509+00,4.914869,2.50,0.000395874226,0.000396074149,0.000346265860,depth_collapse_cut,-0.3174,1,0,2.713,2.4110,1.132,1.279,0.587,0.534,4,0,0,winner
5123,Piklo,F8eLhwuGSqrGBUCXayGHJBuT9E3p5YymHzobUrZopump,BASE,core,2026-07-26 04:20:12.268992+00,2026-07-26 04:20:17.71+00,5.441008,3.02,0.000072160799,0.000072160799,0.000066360470,depth_collapse_cut,-0.2467,1,0,5.071,5.0709,1.268,1.541,0.701,0.304,2,0,0,winner
5126,BADZ,seYyzjtzZa7wgrm4znH6Z2UEvVknw5L2oQXbch2pump,MOON_SLOW,core,2026-07-26 04:25:39.828477+00,2026-07-26 04:25:48.065+00,8.236523,3.01,0.000055308076,0.000064101892,0.000064170634,depth_collapse_cut,0.4784,1,0,1.830,0.0468,1.221,1.435,0.648,0.421,5,0,2,rug
5128,Miu,2wpVAcUHp4pwjqn2dULnY62k24xjaikS5UBkTTpZuAPN,RISER,core,2026-07-26 04:28:02.699211+00,2026-07-26 04:28:07.586+00,4.886789,3.02,0.000013271898,0.000014511967,0.000013274920,depth_collapse_cut,0.0003,1,0,4.056,1.4394,1.245,1.550,0.718,0.191,9,0,2,winner
5131,BullPad,5v4eScmQHV2LRrd2x1UeXPRMknBNAinKX5tHoJ2yGzjj,RISER,core,2026-07-26 04:48:24.935856+00,2026-07-26 04:49:19.447+00,54.511144,3.02,0.000066941679,0.000074410522,,manual_harvest,0.5427,1,0,3.926,2.6620,1.282,1.647,0.909,0.174,10,0,1,winner
5138,FLUFFY,HGsfDDh19Rj4WQRwTxe9F3Dt97E7YQzYBfjX83NzktBG,RUG_RISK,core,2026-07-26 05:16:46.854041+00,2026-07-26 05:23:55.857+00,429.002959,2.50,0.000010893831,0.000014025456,0.000013539563,profit_trail,0.7230,3,2,3.939,3.9284,1.114,1.242,0.755,0.236,8,0,0,winner
5140,BullPad,53tGv3QFnGjFVX4VZ4bEwqMBvDAoQ3mRo1m12KFbe3ab,MOON_SLOW,core,2026-07-26 05:31:11.400327+00,2026-07-26 05:31:51.412+00,40.011673,2.50,0.000384471908,0.000388204104,0.000000000000,hard_stop,-2.5041,1,0,1.445,0.3476,1.175,1.370,0.499,0.422,4,0,0,rug
5142,NALA,25gpZifqjK2QRdj7MnCSPAFsnmdEwTa7aWdLPSTMNjGR,RUG_RISK,core,2026-07-26 05:36:56.353467+00,2026-07-26 05:37:29.74+00,33.386533,2.50,0.000009226060,0.000011711909,0.000011376887,profit_trail,0.5274,2,1,2.482,2.0038,1.188,1.410,0.629,0.255,4,0,0,winner
5144,CHISPA,5Z2nr4kd5jKtmk3scNodtH4LuCHEY8nZEX5p6QiXav4B,RUG_RISK,core,2026-07-26 05:45:39.544908+00,2026-07-26 05:55:39.977+00,600.432092,2.50,0.000009936333,0.000015497321,0.000012172214,profit_trail,0.5400,2,1,1.847,1.5034,1.132,1.280,0.566,0.241,2,0,0,dud
5146,SHIB2,2HQxKuwSk5UUEu4nm6fQXiQ82TzxsmMCbcUbH8utAw6V,RUG_RISK,core,2026-07-26 06:07:43.106894+00,2026-07-26 06:10:08.207+00,145.100106,2.50,0.000312559234,0.000395273761,0.000341625657,profit_trail,0.1311,2,1,2.833,2.8329,1.099,1.208,0.594,0.621,3,0,0,winner
5148,OS,G6Pa5aE4jm4myGyCCX2gh4HR5aKDLAS2LDifLUfSdwX5,RUG_RISK,core,2026-07-26 06:09:17.545888+00,2026-07-26 06:11:16.641+00,119.095112,2.50,0.000011476644,0.000013656794,0.000012534829,profit_trail,0.2301,1,0,2.466,2.4657,1.183,1.400,0.826,0.240,3,0,0,winner
5151,Boss,CvT94Rz9FjPamRzdCdX33NUmJTtZ5HctXxgTcQ1EFy1v,RISER,core,2026-07-26 06:30:24.895509+00,2026-07-26 06:34:55.491+00,270.595491,2.50,0.000091015326,0.000151365766,0.000088417222,profit_trail,0.4607,3,2,4.613,4.3444,1.198,1.436,0.805,0.163,10,0,1,winner
5154,OS,8TLXQjBuPeGgSMGSWeiUxb53eQVsc5u542gHQXR9Y3a8,RUG_RISK,core,2026-07-26 06:43:11.189928+00,2026-07-26 06:44:19.143+00,67.953072,2.50,0.000048129129,0.000049807660,0.000027992833,hard_stop,-1.0463,1,0,5.150,5.1403,1.174,1.377,0.856,0.219,2,0,0,winner
5157,Boss,HYSR47G2NrBukrRp43oDGdfXNGH7igxWgF6jmo1qTzTJ,RUG_RISK,core,2026-07-26 06:47:09.109947+00,2026-07-26 06:47:50.644+00,41.534053,2.50,0.000020534688,0.000026594184,0.000019175170,profit_trail,-0.0389,2,1,4.464,1.1630,1.163,1.352,0.892,0.127,9,0,0,winner
5162,Nong,2FTSPF6WHqmdpLfGzHP8KgwpivB4iHoMqXWKXG54hU6L,RISER,core,2026-07-26 07:28:49.647839+00,2026-07-26 07:33:24.308+00,274.660161,2.97,0.000047586536,0.000060908038,0.000092345996,profit_trail,2.3955,2,1,4.481,3.3119,1.203,1.447,0.916,0.240,5,0,1,winner
5164,187,29pSxVMRy1Q93cL9jQwhVykfyhVFq1skHxXKy19Hs35q,RUG_RISK,core,2026-07-26 07:31:01.59808+00,2026-07-26 07:39:54.768+00,533.169920,2.50,0.000009958748,0.000013849926,,live_unsellable,-1.9411,1,1,2.004,1.5273,1.178,1.387,0.828,0.254,2,0,0,winner
5166,Tesla AI,28u8YVUJeVaieVngJ5JnxPX9V2gT74rVBPTDfcyUcnn1,RUG_RISK,core,2026-07-26 07:40:42.173393+00,2026-07-26 07:41:57.101+00,74.927607,2.50,0.000353681756,0.000354014379,0.000000000000,hard_stop,-2.5041,1,0,1.252,1.2420,1.119,1.252,0.607,0.610,4,0,0,rug
5169,DINO,55751CckoSfFvw2vbAEkj2rWqDe4ynpoVv2fQ71W45gY,RISER,core,2026-07-26 07:59:03.555974+00,2026-07-26 08:13:51.869+00,888.313026,2.80,0.000012698345,0.000015529825,0.000018065153,runner_timeout,0.9958,2,1,3.393,3.3674,1.212,1.468,0.764,0.121,7,0,2,winner
5171,Jimothy,BscUi4cUSfSrvoFo5aZFsuDu3kh5dQ1ftDCEuAvZGdyZ,RUG_RISK,core,2026-07-26 08:23:24.694235+00,2026-07-26 08:37:11.22+00,826.525765,2.50,0.000035018518,0.000036385875,,live_unsellable,-2.5000,0,0,1.963,1.6009,1.262,1.592,0.757,0.108,6,0,2,rug
5173,WTF,HKNJNiYkVxicZB295AWFcFEPSrcCnkenierDnYPaXyoF,RISER,core,2026-07-26 08:24:58.957647+00,2026-07-26 08:41:46.699+00,1007.741353,2.82,0.000009636713,0.000011598635,0.000010995116,runner_timeout,1.0860,2,1,3.587,3.5871,1.210,1.464,0.654,0.336,3,0,2,winner
5177,Nong,GP1poZ6MnfyiEySnEj7QPPBbrjjgxPsr35J2vB7nskC,BASE,core,2026-07-26 08:30:53.950485+00,2026-07-26 08:44:34.673+00,820.722515,2.50,0.000022458130,0.000025230000,,live_unsellable,-2.5000,0,0,2.445,1.0515,1.111,1.231,0.741,0.092,10,0,0,winner
5185,eeepydog,A7FeAeaEe16LVXs3ohaZCSC29Fme7mFaXgt9CEPUKkxi,RUG_RISK,core,2026-07-26 08:56:01.583672+00,2026-07-26 09:02:17.578+00,375.994328,2.50,0.000011278271,0.000016067361,0.000011868005,hard_stop,0.3305,2,1,2.986,2.9272,1.115,1.241,0.769,0.235,9,0,0,winner
5189,SalaryCat,7CpJKS9tqX5BxtxTVNspPR6EscUweisaXKnXZfREd4rM,MOON_STEADY,core,2026-07-26 08:59:59.190468+00,2026-07-26 09:01:01.287+00,62.096532,2.57,0.000055003745,0.000055003745,0.000030383262,hard_stop,-1.1530,1,0,2.435,1.2181,1.212,1.473,0.497,0.168,9,0,1,winner
5196,Boo,7VHvUXJL74bTphjvCFQ4uiwk1ALYutJzDK9XoS4EPCUu,RUG_RISK,core,2026-07-26 09:05:19.350288+00,2026-07-26 09:18:54.081+00,814.730712,2.50,0.000011431473,0.000018913315,,live_unsellable,-2.5000,0,0,2.572,2.5717,1.179,1.397,0.843,0.251,3,0,0,winner
5197,SalaryCat,J1XG6AXgwS8365XB7GNSwRLbPEn21cSGQmXSzTLhxGNq,RUG_RISK,core,2026-07-26 09:05:19.783203+00,2026-07-26 09:18:33.959+00,794.175797,2.50,0.000010642113,0.000013819620,0.000010977438,runner_timeout,0.0784,1,0,1.609,1.2835,1.125,1.264,0.789,0.212,10,0,0,dud
5204,Apsey,73iUFa63RS6L3SiMSmnS4A9v1MfXucX9JVtgWRcuNwQX,RUG_RISK,core,2026-07-26 09:27:01.147857+00,2026-07-26 09:34:27.287+00,446.139143,2.50,0.000012898546,0.000017439735,0.000017412969,profit_trail,-0.1165,2,1,1.631,1.0504,1.145,1.312,0.669,0.238,6,0,0,dud
5207,SalaryCat,F3rYW36aPgtEtdk9713agHw62K95NocndvtWcs7kKdR1,BASE,core,2026-07-26 09:35:54.864559+00,2026-07-26 09:39:06.618+00,191.753441,2.50,0.000030980334,0.000035171152,0.000000000000,hard_stop,-2.5041,1,0,1.733,0.0514,1.226,1.487,0.619,0.225,8,0,0,rug
5209,SalaryDog,GAuHtgkF6NETs5wXV4QUG7XioSZzDaJFDUvw3PFmDQZD,RISER,core,2026-07-26 09:44:03.031228+00,2026-07-26 09:51:47.353+00,464.321772,2.50,0.000014651170,0.000016181024,0.000015148826,profit_trail,0.0845,1,0,2.534,2.2620,1.269,1.612,0.831,0.204,1,0,2,winner
5213,AGI,39Jt4qfHFbB6bSTikfVM1YvwZ3LawzrUtEFtXwEYku3F,RISER,core,2026-07-26 10:33:54.57226+00,2026-07-26 10:37:39.116+00,224.543740,2.50,0.000009015250,0.000011397042,0.000010720588,profit_trail,0.5432,3,2,3.994,3.3328,1.204,1.451,0.673,0.313,1,0,2,winner
5216,fefer,7c8n5RvnEtmFAdErkcE5Ng3t3kNfF6bZqt6F5fetuDV7,RISER,core,2026-07-26 10:36:14.700483+00,2026-07-26 10:45:46.011+00,571.310517,2.50,0.000015414029,0.000019707045,0.000019346567,profit_trail,0.6401,2,1,2.148,1.4641,1.266,1.603,0.796,0.173,6,1,2,winner
5218,aura,2AzfuBV1jjAdWPBEC2wdjAZBpiGxUqG8RnsVwDAfeTBw,MOON_STEADY,core,2026-07-26 10:50:49.557161+00,2026-07-26 10:51:25.595+00,36.037839,2.50,0.000045760586,0.000051078350,0.000008120888,hard_stop,-2.0567,1,0,1.301,0.2183,1.102,1.217,0.699,0.214,10,0,2,rug
5222,CAP,6ytmBTAcvvF1jAMqchDZZf9fBWSaCcoRXBrLGy2DBqQ1,MOON_SLOW,core,2026-07-26 10:59:26.578992+00,2026-07-26 11:02:52.348+00,205.769008,2.50,0.000011539877,0.000013433710,0.000012733140,profit_trail,0.2581,1,0,1.920,1.5810,1.128,1.271,0.485,0.253,2,0,0,dud
5224,Cupsey,xFm7qM936EAy5iwdrEW1AqZEkCTwDkkdfLMzU1G6WxW,RUG_RISK,core,2026-07-26 11:06:27.853889+00,2026-07-26 11:07:16.295+00,48.441111,2.50,0.000077727645,0.000080373363,0.000049722290,hard_stop,-0.9011,1,0,7.066,3.4690,1.117,1.288,0.882,0.217,10,0,0,winner
5228,SalaryCat,DxZQthqp5e7CLFq1TGScRyxX2RY9TmwmvNP4uThtuVsp,RISER,core,2026-07-26 11:30:47.368556+00,2026-07-26 11:43:46.08+00,778.711444,2.50,0.000013594165,0.000013594165,,live_unsellable,-2.5000,0,0,1.727,1.5498,1.192,1.421,0.728,0.243,8,0,2,rug
5236,Spike,2q8vZrxCPdvbEjTWuHUFSCEAYnKaEnHtEkwVw279X9zs,RUG_RISK,core,2026-07-26 11:50:50.270316+00,2026-07-26 11:59:34.698+00,524.427684,2.50,0.000009346003,0.000014462228,0.000009836990,moon_ratchet,0.1812,2,1,2.003,1.7931,1.188,1.412,0.639,0.254,4,0,0,winner
5240,Sara,BkJgU9jNzo79AfUnFcvoKVKkPkj8U5gJFGvcphERFgXG,RISER,core,2026-07-26 12:04:16.300254+00,2026-07-26 12:16:09.141+00,712.840746,2.50,0.000009487483,0.000009960841,0.000007485939,runner_timeout,-0.5278,1,0,1.540,1.1869,1.197,1.431,0.723,0.254,4,0,2,dud
5245,来福,CbfLc8ztADTkRmHtaPyJ7XD5z1JdMuahMQYpzhiLsb8b,MOON_STEADY,core,2026-07-26 12:17:13.726125+00,2026-07-26 12:18:23.799+00,70.072875,2.50,0.000044979282,0.000056788181,0.000036178026,hard_stop,-0.0056,2,1,8.859,2.3020,1.174,1.377,0.676,0.180,10,0,2,winner
5247,aura,ARyu2ZgJrCjMZn185mCR5mcVxUqADFGZwEPcFfTTLTky,RUG_RISK,core,2026-07-26 12:18:56.979523+00,2026-07-26 12:19:16.975+00,19.995477,2.50,0.000009576745,0.000014048372,0.000013721250,profit_trail,1.1045,3,2,2.984,2.2595,1.159,1.345,0.886,0.203,10,0,0,winner
5249,SalaryDog,8uvpksdhQQ1wfb5QURS9UdzkXXL8cS7GTH3B5M4kJBb9,RUG_RISK,core,2026-07-26 12:23:16.730042+00,2026-07-26 12:24:13.56+00,56.829958,2.50,0.000010845136,0.000013043028,0.000012225676,profit_trail,0.3536,2,1,1.267,0.9167,1.099,1.207,0.906,0.259,10,0,0,dud
5259,Kimchi,92pkC7kdKT53erQzABmvHa36JM4EQmVaL5niDwaNNqEy,MOON_STEADY,core,2026-07-26 13:08:07.058126+00,2026-07-26 13:18:13.617+00,606.558874,2.50,0.000078030721,0.000086958179,,live_unsellable,-2.5000,0,0,2.942,1.5305,1.217,1.481,0.679,0.163,10,0,2,winner
5260,Kimchi,E2MWkVRdRRbq4J2C2YrpBJXwqP8Pb7Z4NgWAEEDCz73z,RISER,core,2026-07-26 13:08:07.174199+00,2026-07-26 13:22:05.267+00,838.092801,2.50,0.000010768443,0.000012235713,,live_unsellable,-2.5000,0,0,1.512,1.1040,1.141,1.301,0.725,0.226,9,0,2,rug
5266,puf,DFShHviyksHsnUBucCpvsXvdHF4EW2sd3to6uSPxJq7V,RUG_RISK,core,2026-07-26 13:33:42.504979+00,2026-07-26 13:42:45.603+00,543.098021,2.50,0.000048198423,0.000100342658,0.000033616697,never_armed_stop,-0.7567,1,0,5.056,5.0561,1.196,1.431,0.664,0.169,9,0,0,winner
5271,puf,4xs8pL6WWTMkJbA1qaCRbqjyefM3oSojjW1EM8G7641T,RUG_RISK,core,2026-07-26 13:44:50.632954+00,2026-07-26 13:59:21.865+00,871.232046,2.50,0.000051446229,0.000054367882,,live_unsellable,-2.5000,0,0,1.211,1.0426,1.101,1.211,0.844,0.336,3,0,0,rug
5325,Jimothy,241zrJDW8Gu9aR6jXpPLPF2aCYAjqLK9W7tmfY2EHQa2,RISER,core,2026-07-26 18:50:18.787529+00,2026-07-26 18:52:10.235+00,111.447471,2.50,0.000083576095,0.000110013376,0.000113164788,profit_trail,0.8290,2,1,3.254,0.9632,1.273,1.623,0.915,0.144,10,0,1,winner
5331,Chuaccoon,4Bn2nL3B5kzerupBuikX1EjGFdjeSv84SBf9Mg7Vpump,MOON_SLOW,core,2026-07-26 19:19:18.799726+00,2026-07-26 19:32:08.07+00,769.270274,2.50,0.000042871219,0.000048068721,0.000056647089,runner_timeout,0.8313,2,1,2.674,2.2888,1.164,1.308,0.606,0.288,0,0,2,winner
5334,#memecoin,FVUdHJReL4hBBVaVD7hW8UUU97ERuq1rUyWHJz7uqTJs,RISER,core,2026-07-26 19:25:16.773442+00,2026-07-26 19:38:03.739+00,766.965558,2.50,0.000009749545,0.000010591407,,live_unsellable,-2.5000,0,0,1.780,1.0120,1.199,1.439,0.677,0.129,10,0,2,rug
5340,TRUMP2028,5To6dXKEbrzJTfNQp7XMMvNfuNuQ9mGeopanKZHcCiry,RUG_RISK,core,2026-07-26 19:39:49.48309+00,2026-07-26 19:41:46.104+00,116.620910,2.50,0.000458327744,0.000458327744,0.000032433930,hard_stop,-2.3272,1,0,1.408,1.1079,1.147,1.311,0.553,0.516,6,0,0,dud
5351,CATE,GW5718Bz2jSCjMJ2tHe7dnzRvjJFWgDKJ3fXfE9hZaXY,MOON_SLOW,core,2026-07-26 20:26:48.380882+00,2026-07-26 20:40:40.433+00,832.052118,2.50,0.000016690775,0.000016741941,,live_unsellable,-2.5000,0,0,1.920,1.0786,1.213,1.470,0.457,0.332,8,2,0,rug
5353,stonk,HMXE37eGsqz8EC8JGixZooxzScWNGMFyFCGjxMFPQfqS,RUG_RISK,core,2026-07-26 20:27:35.466275+00,2026-07-26 20:32:04.799+00,269.332725,2.50,0.000010240536,0.000012574635,0.000009268809,profit_trail,-0.2376,1,0,2.776,2.7718,1.098,1.204,0.609,0.380,3,0,0,winner
5355,thesis,3appNPbhfEGSBduXgu1Loj6SoYAw7KbuiGq5u7dz7NjR,BASE,core,2026-07-26 20:29:16.633625+00,2026-07-26 20:38:25.626+00,548.992375,2.50,0.000038938364,0.000041868683,0.000031481427,never_armed_stop,-0.4792,1,0,1.294,0.9364,1.097,1.204,0.786,0.264,10,0,0,dud
5357,TRUMP2028,88wTXQgTRuuv6knVuKMgX43uadFLQAN63qEqPDkgzwnJ,RUG_RISK,core,2026-07-26 20:32:38.941773+00,2026-07-26 20:33:26.573+00,47.631227,2.50,0.000012920302,0.000014596761,0.000012914432,profit_trail,-0.0016,1,0,2.191,1.6713,1.170,1.369,0.788,0.212,10,0,0,winner
5360,CALLOUT,4zFxKSXA2i84QZiSd69oMF5XPartHPu5q2MwNxzqyzPD,RISER,core,2026-07-26 20:42:44.10701+00,2026-07-26 20:46:00.557+00,196.449990,2.50,0.000013138653,0.000016852848,0.000016390125,profit_trail,0.4986,2,1,3.784,3.7837,1.158,1.340,0.738,0.191,6,0,2,winner
5369,SOL,2m2i5kwSRDY9sWuGeC9EFgtTLXsUNtPThw9AYyGpw2m8,BASE,core,2026-07-26 21:07:16.328777+00,2026-07-26 21:07:41.426+00,25.097223,2.50,0.000033473882,0.000045908563,0.000043212580,profit_trail,0.9026,2,1,3.841,3.8406,1.161,1.349,0.665,0.175,10,0,0,winner
5374,BUD,5wiqogm8VBndFe2QyRoy6NAPQoj6oyXb6EcDyrfXKJMF,RUG_RISK,core,2026-07-26 21:18:29.394548+00,2026-07-26 21:23:50.84+00,321.445452,2.50,0.000009947498,0.000012988408,0.000012254145,profit_trail,0.6536,3,2,2.755,2.7549,1.162,1.354,0.639,0.310,4,0,0,winner
5379,👀,G2cCFCh5FbCKjsmmHjAnMpaopbAekr86SZGpn8NyfJ95,RUG_RISK,core,2026-07-26 21:25:50.930688+00,2026-07-26 21:26:07.706+00,16.775312,2.50,0.000067889631,0.000113703873,0.000111183193,profit_trail,1.4099,2,1,7.362,5.7329,1.136,1.289,0.651,0.167,10,0,0,winner
5385,👀,AjpP1YRXRGygwc8DjXUY39NqyePfHqMWk6ZV38xse6FM,RUG_RISK,core,2026-07-26 21:43:55.693741+00,2026-07-26 21:48:57.127+00,301.433259,2.50,0.000014161584,0.000015122466,0.000009942456,hard_stop,-0.7452,1,0,1.692,1.3452,1.181,1.394,0.903,0.197,10,0,0,dud
5389,BABYCATE,6pDk7itpB2xQUQAvJLitNFrCSAinjozdPBcS6UsLpump,MOON_SLOW,core,2026-07-26 21:56:43.886085+00,2026-07-26 21:59:07.154+00,143.267915,2.50,0.000050654125,0.000066276570,0.000058076326,profit_trail,0.4943,2,1,1.957,1.7711,1.231,1.455,0.416,0.368,1,0,0,dud
5398,MICHI,FUPs5GVsSRDNDGy8e81jrNNCDv1Q8TyLJzBsH9X8r5Zj,RUG_RISK,core,2026-07-26 22:33:48.031573+00,2026-07-26 22:40:36.119+00,408.087427,2.50,0.000039548583,0.000048070555,0.000041644330,profit_trail,0.1321,1,0,1.852,1.6682,1.106,1.220,0.911,0.265,10,0,0,dud
5400,mooner,3tNN6upeg3mzqpDZcqkYqmJh1zmkXiyyRf2m9HG67rDL,MOON_STEADY,core,2026-07-26 22:35:27.863765+00,2026-07-26 22:37:09.716+00,101.852235,2.50,0.000090866334,0.000090866334,0.000044130866,hard_stop,-1.2900,1,0,2.009,2.0092,1.137,1.277,0.745,0.359,9,0,2,winner
5404,DANNY,Gjx6y2NwngejKyMw1RbWEH84mzLeAPJS4B9oNDA1ZuDu,RISER,core,2026-07-26 22:45:07.350679+00,2026-07-26 22:58:04.555+00,777.204321,2.50,0.000013192865,0.000015807293,0.000013915615,runner_timeout,0.1327,1,0,1.849,1.7885,1.251,1.544,0.690,0.263,8,0,2,dud
5407,BTK,9AH4tdnNkrUbiW2tjVE97YmATnSvmSMrnNXRZVjhYypY,RUG_RISK,core,2026-07-26 22:49:57.619047+00,2026-07-26 22:53:53.981+00,236.361953,2.50,0.000008893390,0.000010792914,0.000010885860,hard_stop,0.6534,2,1,2.170,1.9646,1.141,1.301,0.616,0.266,5,0,0,winner
5413,CATE,Dg5PiQPhoQtbrLBqg8XmjfXHkw2vFrRAPuC3pE9CYsVf,RUG_RISK,core,2026-07-26 22:57:00.834049+00,2026-07-26 23:10:39.024+00,818.189951,2.50,0.000033647130,0.000046193985,,live_unsellable,-1.8818,1,1,1.924,1.6489,1.166,1.360,0.859,0.273,4,0,0,rug
5432,WIT,9qAxFRZtyf29V3v6jcjsrhHxASeNUEuCmvipHvPuBCPK,RISER,core,2026-07-27 00:17:06.984003+00,2026-07-27 00:29:56.672+00,769.687997,2.50,0.000012563672,0.000012563672,,live_unsellable,-2.5000,0,0,1.523,1.1887,1.201,1.444,0.779,0.173,10,0,1,rug
5437,HOUSECAT,FYLvt6xJU8BqU6VEtuTey2Qnjbk28HWdsLCfsWfJXS4G,MOON_STEADY,core,2026-07-27 00:25:50.169852+00,2026-07-27 00:26:18.599+00,28.429148,2.50,0.000039865952,0.000039865952,0.000025056291,hard_stop,-0.9291,1,0,8.467,6.1866,1.271,1.617,0.653,0.134,10,0,2,winner
5442,SOL,7N61LTxKsoGXwoNnofjo7ur9bDF61oP6EnrvXnMFowez,RUG_RISK,core,2026-07-27 00:31:38.754175+00,2026-07-27 00:32:12.559+00,33.804825,2.50,0.000409445629,0.000425382427,0.000000000000,hard_stop,-2.5042,1,0,1.428,1.4209,1.176,1.378,0.556,0.489,5,0,0,dud
5517,Nongwan,Eai1j4ASU1MerzZSoEMpCpeuwYYtG5WV4om5gFnnSam3,RUG_RISK,core,2026-07-27 05:30:05.929649+00,2026-07-27 05:43:52.069+00,826.139351,2.50,0.000011644422,0.000012688724,,live_unsellable,-2.5000,0,0,1.540,1.2593,1.143,1.306,0.729,0.170,9,0,0,rug
5521,Nongwan,Hxw8SEwR4uHg98CdfPowy435Mr7ciBQ3wrXK2dgdHHQe,RUG_RISK,core,2026-07-27 05:48:24.134856+00,2026-07-27 06:01:10.058+00,765.923144,2.50,0.000008324300,0.000010910000,,live_unsellable,-2.5000,0,0,1.512,1.0806,1.155,1.337,0.590,0.257,10,0,0,rug
5525,Nongwan,EDVgBYTrHvgV4mjhBcfHBti2N4Fq4ZTYw9fEzfaPuaeE,RUG_RISK,core,2026-07-27 05:53:03.524884+00,2026-07-27 05:55:10.294+00,126.769116,2.50,0.000009726698,0.000011076536,0.000008909072,user_cut,-0.2105,1,0,5.984,4.5153,1.102,1.212,0.580,0.284,9,0,0,winner
5530,WETRAC,3uXzxoRY6xyPCtQCh8g9cnQMJNsLmmFUYAjdFPFEpump,MOON_STEADY,core,2026-07-27 12:28:30.551395+00,2026-07-27 12:31:10.072+00,159.520605,2.50,0.000068527008,0.000106544333,0.000084626773,stale_take,0.7137,2,1,5.020,4.4488,1.317,1.649,0.673,0.251,3,0,2,winner
5602,酷酷来,6fdj5PKtYsWS2MhyE79aR83fnCupURn7oEXovC8SCrdT,MOON_VIOLENT,core,2026-07-27 17:08:08.856098+00,2026-07-27 17:08:29.211+00,20.354902,1.70,0.000046102868,0.000063870000,0.000000000952,hard_stop,-1.7039,1,0,1.843,0.6221,1.357,1.843,0.442,0.479,1,0,2,rug
5633,Scam,FQPQZfbaL5aMkhPvjt1GgqRt1kzXCTVGbG7G5JpwJNjn,BASE,core,2026-07-27 20:00:58.358062+00,2026-07-27 20:01:23.107+00,24.748938,2.50,0.000036450323,0.000075225333,0.000062117373,moon_ratchet,1.5385,2,1,4.049,1.4838,1.188,1.410,0.664,0.168,10,0,0,winner
5646,pumpkets,Gu2Jwt9L9EGwfNTBUaEQdSYHiHvJmPkyAyJLt2SEUt1o,BASE,core,2026-07-27 20:50:25.490109+00,2026-07-27 20:50:52.879+00,27.388891,2.50,0.000038241377,0.000053820195,0.000054186228,hard_stop,0.3368,2,1,2.736,0.7117,1.426,2.038,0.691,0.097,10,0,0,winner
5649,BILL,CLwHJ3G49joSnKeZBZnGQhNjGpVRJZQTirqpa2jCiBfi,RUG_RISK,core,2026-07-27 20:54:18.358245+00,2026-07-27 20:56:46.135+00,147.776755,2.50,0.000012663680,0.000019586047,0.000018711550,profit_trail,1.1045,3,2,2.779,2.5102,1.146,1.311,0.783,0.171,9,0,0,winner
5650,BILL,5of7MmioUo7vApc1JKCJA6XkZihzMMbW9en5wPzznLTg,RUG_RISK,core,2026-07-27 20:54:39.555191+00,2026-07-27 20:57:04.938+00,145.382809,2.50,0.000010050697,0.000010050697,0.000011443229,hard_stop,0.4704,2,1,3.374,2.2945,1.170,1.363,0.701,0.160,9,0,0,winner
5652,CRISCO,7suZoa7gVmYenaE19RioFkh7yGV4qUaTY2pQoSk2mTaP,RUG_RISK,core,2026-07-27 21:03:12.6166+00,2026-07-27 21:04:20.329+00,67.712400,2.50,0.000035440995,0.000042073228,0.000033659670,profit_trail,-0.0708,2,1,2.003,2.0030,1.124,1.264,0.860,0.296,8,0,0,winner
5655,me-me,FiLuqkbwFP1zLe7C6guAcKsPhMg4pWysKdKmpv87Qyy2,RISER,core,2026-07-27 21:23:05.109661+00,2026-07-27 21:23:28.116+00,23.006339,2.50,0.000017244026,0.000022592853,0.000020071140,profit_trail,0.6110,2,1,5.227,4.0019,1.249,1.565,0.628,0.107,10,0,2,winner
5659,Smug,AKtySXj8Wy5nUDbVfbJveLpjnseL8SFokVTuaoRwzui4,BASE,core,2026-07-27 21:49:01.896907+00,2026-07-27 21:50:03.878+00,61.981093,2.50,0.000025445405,0.000034465790,0.000033471148,profit_trail,0.7334,3,2,2.311,1.3445,1.107,1.226,0.768,0.143,8,0,0,winner
5661,CJ,EAkSurWQs1Deit2VAYceyZNWTap5RWgxcCP6NFAtqmxu,RUG_RISK,core,2026-07-27 21:53:32.881187+00,2026-07-27 21:54:17.994+00,45.112813,2.50,0.000053367343,0.000072990191,0.000066895494,hard_stop,0.6245,3,2,1.932,1.1442,1.142,1.305,0.924,0.227,5,0,0,rug
5668,DOINKS,6nc95RtGgQtQwdxSF5r5Ln2e53axKyvbqrYykCUqb6Ta,BASE,core,2026-07-27 22:16:12.708666+00,2026-07-27 22:29:54.022+00,821.313334,2.50,0.000035825877,0.000044510000,,live_unsellable,-2.5000,0,0,2.289,1.0140,1.262,1.593,0.714,0.077,6,0,0,winner
5674,CPO,DnnxSdi5bnZXEPN9yoFiqYavpZv9qjX7UCvnzF74Rqfw,RISER,core,2026-07-27 22:58:20.330221+00,2026-07-27 22:58:55.137+00,34.806779,2.50,0.000012150639,0.000013226206,,profit_trail,0.0282,1,0,1.409,1.0306,1.102,1.213,0.630,0.295,5,0,2,rug
5677,BUDDY,VARX3KkmYukXBAC9hTrXCyLcTo1PtHvf9wcCHytjo2A,BASE,core,2026-07-27 23:05:10.402636+00,2026-07-27 23:05:37.469+00,27.066364,2.50,0.000019443496,0.000025420042,0.000025718332,profit_trail,0.7725,2,1,2.570,2.0250,1.112,1.238,0.782,0.256,10,0,0,winner
5679,Enigma,AMBP3cj5TUhF9869AJ42Eq9UkqozXcGRBnEhBnsqRfZ1,MOON_SLOW,core,2026-07-27 23:11:48.518216+00,2026-07-27 23:12:36.211+00,47.692784,2.50,0.000121242319,0.000138942455,0.000045816889,hard_stop,-1.5557,1,0,3.586,1.7088,1.157,1.339,0.719,0.079,10,0,2,winner
5683,gream,H9vuXNvsgLfLYNFmsaG77KuJ1wda4DbKYJd7bqJhqYpC,RUG_RISK,core,2026-07-27 23:21:02.694242+00,2026-07-27 23:21:55.6+00,52.905758,2.50,0.000442936446,0.000442936446,0.000000000000,hard_stop,-2.5750,1,0,1.354,0.0268,1.140,1.293,0.553,0.534,4,0,0,rug
5687,Looks,D5a3Tdh1BPK3TUv6gG8C76ZpKtxtAFa2Ec1BVJ4npump,MOON_STEADY,core,2026-07-27 23:29:59.351633+00,2026-07-27 23:33:44.204+00,224.852367,2.50,0.000076852594,0.000158163598,0.000119080231,user_cut,1.0533,2,1,2.335,0.8322,1.119,1.226,0.488,0.312,1,0,2,winner
5689,JBnut,BMUjPCRQDAGs8jW37miFTs4N47ZSPKcAkmTcJJwKJfQa,BASE,core,2026-07-27 23:32:58.49539+00,2026-07-27 23:45:47.039+00,768.543610,2.50,0.000016284835,0.000017399849,,live_unsellable,-2.5000,0,0,1.263,1.1136,1.124,1.263,0.785,0.276,10,0,0,rug
5691,Looks,3gLCh9hHaZJTEDBMA3b9L2QxPfoPVhR6MeVbdsSZLJhM,RISER,core,2026-07-27 23:38:02.322378+00,2026-07-27 23:39:14.583+00,72.260622,2.50,0.000042465370,0.000055831343,0.000054310094,user_cut,0.6969,1,0,2.659,1.2850,1.110,1.228,0.895,0.191,3,0,1,winner
5703,SNEK,BW5bpXuV3droygqq3HocNbsdUUtAxrD58CUkaAeiNvUZ,RUG_RISK,core,2026-07-28 00:27:27.97063+00,2026-07-28 00:28:03.394+00,35.423370,2.50,0.000391370349,0.000404451028,0.000019485100,hard_stop,-2.5239,1,0,1.298,0.2636,1.116,1.243,0.566,0.569,6,0,0,rug
5709,Nuannuan,DTQZbnxKE9yYQqtPduD1YiBMwAb4Ssz28TMRECQo4ftL,RUG_RISK,core,2026-07-28 00:35:11.507391+00,2026-07-28 00:35:51.872+00,40.364609,2.50,0.000411074345,0.000426136719,0.000000000000,hard_stop,-2.6487,1,0,1.447,0.6597,1.145,1.304,0.553,0.562,5,0,0,rug
5722,CLARITY,Cjiq6CesZZP1YJuUMGsk24uMcPEaDbuaKX989R4zyqw4,RUG_RISK,core,2026-07-28 01:31:36.547907+00,2026-07-28 01:32:36.079+00,59.531093,2.50,0.000388250910,0.000388250910,0.000000000000,hard_stop,-2.6474,1,0,1.457,1.4494,1.172,1.370,0.568,0.544,7,0,0,rug
5838,Dogue,5mPEBha7xRWoqbiKRCyTmfaYPxGufQGDTBCmpS6upump,MOON_SLOW,core,2026-07-28 10:45:27.88923+00,2026-07-28 10:46:39.132+00,71.242770,2.50,0.000046236738,0.000056732027,0.000047879258,profit_trail,0.0149,1,0,2.027,0.5975,1.218,1.388,0.425,0.123,0,0,2,winner
5840,Dogue,CWkyiPGk4FHihdrpDYBZTQwEZF7H1F3VPifeD1VaSDau,RISER,core,2026-07-28 10:55:57.028981+00,2026-07-28 10:59:52.358+00,235.329019,2.50,0.000009782873,0.000012100088,0.000011165253,profit_trail,0.3529,1,0,1.941,1.6397,1.239,1.536,0.838,0.189,3,0,2,rug
5842,Dogue,FpYL6pcLkH3TPogvo8AZ8VZFKGtcv5qxYJPVN6BKQra4,RISER,core,2026-07-28 11:05:13.248331+00,2026-07-28 11:06:22.713+00,69.464669,2.50,0.000012445779,0.000013909794,0.000012649752,profit_trail,0.0406,1,0,1.915,1.7992,1.219,1.488,0.830,0.234,3,0,2,rug
5856,SIMBA,CEJHtZ38DWcKsbtsF2FmGPJ3GnmyeGLRMnSqm1Ygpump,MOON_SLOW,core,2026-07-28 12:37:20.795104+00,2026-07-28 12:41:27.694+00,246.898896,2.50,0.000048910719,0.000090302517,0.000055404040,stale_take,1.5079,2,1,3.126,1.9151,1.132,1.241,0.472,0.349,2,0,2,winner
5874,OSCAR,ANBPjxDiSrdwZSkDtxLpxNcC7iTqgQGn571pTpk8jh6j,BASE,core,2026-07-28 14:26:21.995656+00,2026-07-28 14:28:15.571+00,113.575344,2.50,0.000104123993,0.000104123993,0.000088597914,drain_guard_cut,-0.5191,1,0,3.564,3.5642,1.427,2.013,0.732,0.143,9,0,0,winner
5882,TRUMP,AsX5GxPvfkxgzJNQXQA7AAkT913MApQiFpFtRFyVKj9y,BASE,core,2026-07-28 15:06:29.850282+00,2026-07-28 15:06:52.418+00,22.567718,2.50,0.000000868339,0.000002494490,0.000000900286,profit_trail,-0.1054,2,1,3.957,3.9567,1.299,1.670,0.709,0.219,3,0,0,winner
5885,JOSE,7cvio5Azraxd6JJSgGQdk1qeUn7dT9jphtTWcjf8xqee,BASE,core,2026-07-28 15:10:33.14204+00,2026-07-28 15:17:43.663+00,430.520960,2.50,0.000064693060,0.000074452243,0.000069545346,user_cut,0.1133,1,0,1.304,0.8573,1.099,1.204,0.727,0.462,2,0,0,rug
5895,MEOW,GPZS3ztCBoBV18r42ZoqhZofcmJAbUx7KGgmisoQgNB9,BASE,core,2026-07-28 15:29:44.592094+00,2026-07-28 15:42:25.528+00,760.935906,2.50,0.000057442127,0.000192675468,0.000064380734,profit_trail,0.2270,1,0,1.562,1.4714,1.117,1.246,0.797,0.438,5,0,0,dud
5898,DGN,4VXyAoydK2AoYxcqBGjZs1nXRnV6t26MLoK4DGbyjVt9,MOON_STEADY,core,2026-07-28 15:32:05.693739+00,2026-07-28 15:33:49.721+00,104.027261,2.50,0.000023947342,0.000023947342,0.000030900120,profit_trail,0.6510,1,0,3.574,1.7530,1.240,1.459,0.499,0.252,1,0,2,winner
5903,HUTCH,FggN5sUpMCfSgvmtjRxRfTxppXgtLUz4AePHnvB9BvtQ,RUG_RISK,core,2026-07-28 15:49:48.916838+00,2026-07-28 16:02:37.994+00,769.077162,2.50,0.000271286861,0.000271286861,0.000000000000,runner_timeout,-2.5750,1,0,1.271,1.2706,1.101,1.208,0.559,0.550,4,0,0,rug
5908,trustmebro,5ePR15hZe4UXV7Wa7GJ8nwJfMndS684QH7YVvLBKPvUU,RUG_RISK,core,2026-07-28 15:59:51.676794+00,2026-07-28 16:01:33.597+00,101.920206,2.50,0.000341437414,0.000395400155,0.000000000020,hard_stop,-2.6493,1,0,1.438,0.1881,1.107,1.221,0.579,0.588,6,0,0,rug
5921,DIP,7A6WimUrFyXYdXLkDi1mrja1SkdnDYL4vEoXx1E4pump,BASE,core,2026-07-28 17:14:14.321912+00,2026-07-28 17:19:30.397+00,316.075088,2.50,0.000062447963,0.000075622376,0.000059448283,profit_trail,-0.1947,1,0,1.945,0.0370,1.226,1.451,0.653,0.409,4,0,0,rug
5974,DIREX,5KAbdaHswNcFsaufBXJHoLXyCoCNDyfUdL8n8qBLpump,RISER,core,2026-07-28 20:26:16.213446+00,2026-07-28 20:34:07.585+00,471.371554,2.50,0.000062822320,0.000084441518,0.000084327717,profit_trail,0.6605,2,1,3.062,2.4799,1.274,1.551,0.639,0.345,1,0,2,winner
5986,Lexapro,AkYnWBir16eq79PR21Xr3n2d2Q6aasGAofTKyfZVpump,MOON_SLOW,core,2026-07-28 21:26:14.503155+00,2026-07-28 21:34:22.209+00,487.705845,2.50,0.000040925515,0.000042507963,0.000019119545,never_armed_stop,-1.4809,1,0,1.470,0.4972,1.239,1.470,0.408,0.419,2,0,0,rug
5989,frogcat,2XzK878GKk8TaiVakJWrvDKgdBDTqxW2X8iG3Xuwpump,MOON_SLOW,core,2026-07-28 21:30:48.916269+00,2026-07-28 21:33:23.046+00,154.129731,2.50,0.000056942677,0.000075350756,0.000065793428,stale_take,0.3162,2,1,2.438,1.8232,1.178,1.344,0.605,0.396,2,1,2,winner
6035,spooderman,8ynFuSwE89ivRHJTqLXXXXeDRaZerF36UFBG8ZmYHnKM,RUG_RISK,core,2026-07-29 01:16:37.493154+00,2026-07-29 01:16:56.295+00,18.801846,2.50,0.000106868959,0.000117252963,0.000074929191,hard_stop,-0.5809,2,1,5.547,2.2263,1.197,1.460,0.632,0.134,10,0,0,winner
6046,BTC,4tQVB9jmPJFNcGe3nEKUGDiNBDmEs8Zs3zXkQURGHEPj,RUG_RISK,core,2026-07-29 01:47:10.219133+00,2026-07-29 01:48:16.697+00,66.477867,2.50,0.000010031292,0.000012795981,0.000011159827,profit_trail,0.3808,2,1,2.102,1.9710,1.122,1.259,0.805,0.304,2,0,0,winner
6052,Wanjan,4LfTX1k63vA41Tf4LZ7xQnob2ggDnbUSsmxxZNbtw25n,RUG_RISK,core,2026-07-29 02:29:17.680842+00,2026-07-29 02:42:53.895+00,816.214158,2.50,0.000011944355,0.000011944355,,live_unsellable,-2.5371,0,0,1.287,0.9277,1.119,1.239,0.601,0.354,3,0,0,rug
6058,Cybercat,8uDYYrGQfqFog5stehGHLDtcu4CkwE4AuTFLGoKYjcKb,RUG_RISK,core,2026-07-29 02:44:10.603715+00,2026-07-29 02:57:04.949+00,774.345285,2.50,0.000009550614,0.000011050467,,live_unsellable,-2.5000,0,0,1.677,1.4724,1.161,1.345,0.558,0.291,3,0,0,rug
6060,Cybercat,HM7Mc1HKUaQPeXJYcp1drzg5cnyUQKxy5pQRC2Sn7pR6,RUG_RISK,core,2026-07-29 02:49:48.111641+00,2026-07-29 02:51:05.543+00,77.431359,2.50,0.000154599599,0.000154599599,0.000092794609,hard_stop,-0.9998,1,0,4.705,4.6911,1.257,1.586,0.600,0.099,10,0,0,winner
6108,PAVEL,4YmD97dnYHiw5eFh2KRVMcLN94ageX1PUgwD91k3etuE,RISER,core,2026-07-29 07:55:01.197589+00,2026-07-29 07:55:11.302+00,10.104411,2.50,0.000142102646,0.000160409429,0.000162217109,floor_45,0.3250,2,0,2.496,1.1546,1.241,1.539,0.808,0.129,10,0,1,winner
6198,mask,8riqmT48EpPfzkNrqAyqRNkmEhAa4oEvRSfYWt5gSApm,BASE,core,2026-07-29 14:12:01.577382+00,2026-07-29 14:14:56.974+00,175.396618,2.50,0.000000590443,0.000000607887,,live_unsellable,-2.5372,0,0,1.263,0.0134,1.116,1.243,0.789,0.473,5,0,0,rug
6221,ZUKO,5SYujhVBpfcGNrrcjJSa1nsaPQdh35JDHicz6x9Hpump,RISER,core,2026-07-29 16:06:32.393478+00,2026-07-29 16:07:55.396+00,83.002522,2.50,0.000069829092,0.000090063938,0.000089911301,profit_trail,0.6231,2,1,4.534,0.0415,1.275,1.543,0.614,0.222,1,0,2,winner
6234,Dex,GLotsvdzo9mRLSJ76KxLLqxeRaCivaVhP6F6pdB1WhAP,BASE,core,2026-07-29 18:33:00.167022+00,2026-07-29 18:33:54.077+00,53.909978,2.50,0.000066230517,0.000099781279,0.000083050358,hard_stop,0.8324,2,0,15.886,15.8859,1.397,1.955,0.608,0.116,2,1,0,winner
6242,Dex,8BBYY8pa6TBtF5RKY8zy5xvzEpjujkk9XDc9JgFGi8MJ,RISER,core,2026-07-29 19:03:54.652042+00,2026-07-29 19:04:43.074+00,48.421958,2.50,0.000271281221,0.000312234104,0.000278620082,hard_stop,0.1530,2,0,2.081,1.3092,1.263,1.595,0.837,0.138,7,0,1,winner
6265,PYRAMID,DZWQiAhKX53kCPzWQ1wGtutH8wGHPmVXeAQeJ5w6pump,RISER,core,2026-07-29 20:19:06.691527+00,2026-07-29 20:21:44.168+00,157.476473,2.50,0.000069350931,0.000088312384,0.000086644451,profit_trail,0.5652,2,1,3.881,3.8670,1.307,1.638,0.958,0.406,1,0,1,winner
6268,Fraudci,5GcdZPhRLqdQt97pi9VFxBb7wJxX2CkB5Bx8KhYx3T3D,RISER,core,2026-07-29 20:26:19.048595+00,2026-07-29 20:26:40.168+00,21.119405,2.50,0.000010795387,0.000011438890,0.000010618610,floor_45,0.0692,2,0,3.372,2.4569,1.204,1.449,0.861,0.290,5,0,2,winner
6303,PUMP,88hx17475PYXeZ4KziwgjQoEJmmMyHZ5g1dLoFJfpump,RISER,core,2026-07-29 23:07:09.604659+00,2026-07-29 23:08:21.474+00,71.869341,2.50,0.000047639487,0.000049607541,0.000029424059,floor_45,-1.1035,1,0,2.143,0.9803,1.220,1.429,0.598,0.329,1,0,0,winner
6306,PUMP,CnzpS4EhS3XHURvWqypuisBJeVHiKPxWnam9Lw7kpXq,BASE,core,2026-07-29 23:12:42.230564+00,2026-07-29 23:13:06.034+00,23.803436,2.50,0.000048228036,0.000048228036,0.000023772292,floor_45,-1.2681,1,0,2.263,1.0977,1.256,1.580,0.615,0.059,8,0,0,winner
6309,PUMP,5g9cNUDhQtrTrL6BdY4SBadyye4n21K9KtqztX8VhDai,RISER,core,2026-07-29 23:15:03.554054+00,2026-07-29 23:15:50.693+00,47.138946,2.50,0.000062784080,0.000083945831,0.000080641659,hard_stop,0.8412,2,0,4.258,3.5287,1.295,1.671,0.856,0.125,1,0,1,winner
6323,KOSPI,Bqcs4dEBtKCA2C1v1ZRRiKkNtZf485KDWo96vq7KiyA4,RISER,core,2026-07-30 00:51:10.10714+00,2026-07-30 00:51:36.472+00,26.364860,2.50,0.000011714099,0.000013204815,0.000013177412,hard_stop,0.3448,3,0,2.861,2.5178,1.239,1.542,0.793,0.181,7,0,1,winner
6363,Dick Butt,86hsXDXKMiYCK7BuE31uRYnhSbCqGFh7VwAS7Nuxdaqm,BASE,core,2026-07-30 09:57:25.512575+00,2026-07-30 09:57:57.293+00,31.780425,2.50,0.000046884262,0.000047944946,0.000040771589,hard_stop,-0.2415,2,0,1.545,1.2993,1.203,1.447,0.782,0.246,9,0,0,rug
6385,Ashty,J7GWwoEJCsj3fkPjoo9XYFkcc8So7cx9cUCPR5vDf6iP,BASE,core,2026-07-30 12:27:51.168823+00,2026-07-30 12:28:49.91+00,58.741177,2.50,0.000024673141,0.000029115335,0.000021703320,basis_first,0.1441,3,0,2.193,0.4085,1.202,1.436,0.744,0.362,5,0,0,winner
6418,CTO,9SbwmH1uwGNmwksAPPeHdahtjN7Noz5Luxyr8nEFJKVE,BASE,core,2026-07-30 14:34:21.236333+00,2026-07-30 14:34:53.645+00,32.408667,2.50,0.000170114878,0.000193753535,0.000134558513,floor_45,-0.5229,1,0,2.001,1.0676,1.360,1.839,0.783,0.133,7,0,0,winner
6432,Romeo,7Y6iCA9CswkGQNidteQUCywey5tPyHsBNQPWRigapump,RISER,core,2026-07-30 15:58:16.71389+00,2026-07-30 15:59:34.912+00,78.198110,2.50,0.000096112370,0.000129945760,0.000127890964,profit_trail,0.7067,2,1,4.185,0.6547,1.377,1.803,0.665,0.238,2,0,2,winner
6435,Romeo,EXT9dvsfBFhf2qiLzHvFLNiRijSEW4dB51w7JVKJPa7U,RISER,core,2026-07-30 16:00:45.640143+00,2026-07-30 16:02:23.44+00,97.799857,2.50,0.000013084812,0.000016301886,0.000014767866,hard_stop,0.2864,2,0,4.001,2.9668,1.312,1.721,0.877,0.205,5,0,1,winner
6437,MarsCoin,6yutwZQPZwBkj86iTSGrVTbeNBizzs2G7dW43LC6HPEs,BASE,core,2026-07-30 16:10:03.835257+00,2026-07-30 16:10:41.912+00,38.076743,2.50,0.000082501357,0.000082501357,0.000052200910,floor_45,-0.9186,1,0,4.440,4.4402,1.371,1.882,0.619,0.089,10,0,0,winner
6445,Burnian,z8SkLq2cii6mFNPHPDQPyoC5ZnQ1ni7bRuFaPpbpump,MOON_FAST,core,2026-07-30 17:16:06.186586+00,2026-07-30 17:18:01.058+00,114.871414,2.50,0.000035868186,0.000037717050,0.000021316504,floor_45,-1.1639,1,0,1.323,0.0575,1.150,1.280,0.642,0.367,2,0,2,rug
6476,REX,FaUZRD6kNvS2QWrAXrDaCNpSAz2Vx8JN9Rt1ym4upump,RISER,core,2026-07-30 19:16:58.746524+00,2026-07-30 19:17:08.685+00,9.938476,2.50,0.000040328797,0.000040328797,0.000028231292,floor_45,0.7378,2,0,2.296,0.6681,1.451,1.927,0.626,0.237,3,1,2,winner
6484,BOB,D3JJJmkQUYKzBnf1yfPnXu28U9nKvHEj19CyYzkLfjmU,BASE,core,2026-07-30 19:42:52.936406+00,2026-07-30 19:44:13.884+00,80.947594,2.50,0.000012484946,0.000016318549,0.000015624826,profit_trail,0.6263,2,1,1.831,1.6120,1.318,1.736,0.697,0.170,6,0,0,dud
6552,WWZ⁠,B99m58pn4XEzDjLpzVGtuWM5cLpYgvmue67wuB6Nwkzc,BASE,core,2026-07-30 22:38:00.141617+00,2026-07-30 22:38:25.429+00,25.287383,2.50,0.000077778608,0.000077778608,0.000000000005,floor_45,-2.6503,1,0,1.724,0.0453,1.248,1.539,0.692,0.207,5,0,0,rug
6558,Gandalf,AQLPTVK7D6KHVFWCgVs6jKdPgwGEs7GPdsGfquq1d4hj,RISER,core,2026-07-30 23:05:41.987866+00,2026-07-30 23:06:14.229+00,32.241134,2.50,0.000020859258,0.000025426592,0.000019115146,profit_trail,-0.1449,2,1,3.548,3.2555,1.299,1.682,0.879,0.160,10,0,2,winner
6573,MarsCoin,8jC4AKuZCCfCKnQWLFP796EwYi4rpPrC7d7eVPAVr1Jy,BASE,core,2026-07-31 00:10:49.570591+00,2026-07-31 00:25:48.347+00,898.776409,2.50,0.000066513686,0.000066513686,,live_unsellable,-2.5000,0,0,1.976,0.5812,1.359,1.817,0.649,0.087,10,0,0,rug
6582,Nigbob,9VqnPyvX3LDY2XcpwDji5bp7VQPRWUpAMahU1PgJrXjG,RISER,core,2026-07-31 00:54:51.222848+00,2026-07-31 01:05:35.967+00,644.744152,2.50,0.000024571878,0.000054870065,0.000000000000,profit_trail,-2.5000,3,2,5.188,4.3437,1.416,2.010,0.652,0.076,6,0,2,winner
6585,MarsCoin,C9rM29qzgHjQxuSVfW9xwpHHcUBaCj9jCcERrERcYUkC,BASE,core,2026-07-31 01:18:52.510788+00,2026-07-31 01:31:46.611+00,774.100212,2.50,0.000028295066,0.000028295066,,live_unsellable,-2.5000,0,0,1.811,1.3214,1.131,1.290,0.658,0.084,9,1,0,rug
6598,Peanut,Bvu6UcFMwfyjPuTTSJKduSZ5c8xMHmZiT6Waa4QpWb4y,BASE,core,2026-07-31 02:37:07.012133+00,2026-07-31 02:37:29.601+00,22.588867,2.50,0.000052861156,0.000052861156,0.000035852862,floor_45,-0.8048,2,0,2.080,0.0761,1.212,1.469,0.650,0.152,10,0,0,winner
6602,Peanut,3meGME4Qgs1kDrEjEahkVkV9n72MUMkVUjHdngC2U2YG,BASE,core,2026-07-31 02:59:14.076234+00,2026-07-31 02:59:57.895+00,43.818766,2.50,0.000076371746,0.000076371746,0.000056403468,floor_45,-0.6540,1,0,5.869,3.3370,1.291,1.666,0.788,0.166,10,0,0,winner
6606,FLAPDOGE,CA5RA8veA13Eg2sP8wj2dnCgz356A2QFMLsrghRDF48V,BASE,core,2026-07-31 03:16:44.851933+00,2026-07-31 03:29:35.182+00,770.330067,2.50,0.000032415746,0.000032415746,,live_unsellable,-2.5000,0,0,1.700,1.0291,1.202,1.423,0.634,0.173,7,0,0,rug
6770,POPDOG,AubW5D6kovPL4CPZdYiQaXwAjknq2wMPeQBFsyjLs5o,BASE,core,2026-07-31 15:48:46.370665+00,2026-07-31 16:02:59.419+00,853.048335,2.50,0.000000876041,0.000001784000,,basis_first,0.2884,2,0,2.388,2.0747,1.217,1.464,0.700,0.217,3,0,0,winner
6777,orjao,3kXRNcd7qWrMUWGvZthgB35domFtGQvq7vXh2pNnpump,RISER,core,2026-07-31 15:59:59.475477+00,2026-07-31 16:01:23.668+00,84.192523,2.50,0.000055034167,0.000062121805,0.000043034751,floor_45,-0.6920,1,0,2.683,0.0575,1.292,1.584,0.618,0.295,4,1,2,winner
6778,BingBing,4ka2r1k2MD6R2ZyHF4jEZX22TgCaRTEJPjVS5EejEmj3,BASE,core,2026-07-31 16:01:32.237743+00,2026-07-31 16:15:34.505+00,842.267257,2.50,0.000085864388,0.000085864388,,live_unsellable,-2.5369,0,0,2.060,1.8083,1.324,1.735,0.716,0.148,3,0,0,winner
6791,FLUFFY,4ARExAefpMnXGt9ps9CMzCtAmAEhgApydAWBSz5DZ9Aj,BASE,core,2026-07-31 16:24:40.435544+00,2026-07-31 16:32:40.275+00,479.839456,2.50,0.000000844932,0.000000844932,0.000001656372,user_cut,0.4524,2,0,4.627,4.2210,1.216,1.458,0.697,0.238,4,0,0,winner
6794,MEWTHREE,4FFrHJbSdkGd2Zuado4ujwUFssBrnHvLbzQcokUP3PJK,RISER,core,2026-07-31 16:27:09.332782+00,2026-07-31 16:32:28.46+00,319.127218,2.50,0.000010191213,0.000025556434,0.000013802066,user_cut,0.0303,2,0,7.439,4.7950,1.229,1.508,0.938,0.428,2,0,2,winner
6797,PATIENCE,7reMhuZKQg9QNBB4kW6dLFSKWBL9YF9GCvSL8VRnfiBc,RISER,core,2026-07-31 16:37:36.224999+00,2026-07-31 16:38:00.965+00,24.740001,2.50,0.000138576154,0.000278562339,0.000000000000,floor_45,-2.6468,1,0,2.162,0.0704,1.394,1.928,0.821,0.156,10,0,1,winner
6818,Bear,EA8G5ZfWoyqecTuhh1ZkHTBYmcvbSMhj2PGuNAhgWyB3,MOON_STEADY,core,2026-07-31 17:16:12.845042+00,2026-07-31 17:17:19.067+00,66.221958,2.50,0.000079837442,0.000079837442,0.000000000000,basket_harvest,-2.5739,1,0,2.201,0.8536,1.189,1.395,0.757,0.148,9,0,2,winner
6822,Bear,2Q83Ep2QogjdCoUb13cYi4BevGvTtqBdXKR7sSQGEbbD,BASE,core,2026-07-31 17:21:05.606383+00,2026-07-31 17:21:57.407+00,51.800617,2.50,0.000129032176,0.000129032176,0.000000000000,floor_45,-2.6471,1,0,1.597,0.7589,1.207,1.441,0.783,0.273,8,0,0,rug
6825,QUOTIENT,FAG9ciwyDTZmtHJUrqSh6Tn6dSybUNemRp3EyvusPA2s,RISER,core,2026-07-31 17:26:49.257937+00,2026-07-31 17:28:51.723+00,122.465063,2.50,0.000042336729,0.000042336729,0.000024657657,floor_45,-1.1911,1,0,6.339,6.3390,1.241,1.540,0.873,0.390,10,0,2,winner
6850,BABYASTERO,9ytA8NHwxUb3KbRzyHp8XkNbLdYrR4FNuadTQtdVwLPD,MOON_SLOW,core,2026-07-31 19:21:09.326576+00,2026-07-31 19:22:33.4+00,84.073424,2.50,0.000135990856,0.000135990856,0.000000000008,basket_harvest,-2.5737,1,0,1.639,0.0697,1.159,1.322,0.759,0.238,10,0,2,open
6853,MOONDOGE,8MWYYpzKP8x7HRCbt2V8eQU8cMYYbaz6dvxxMFRxny28,BASE,core,2026-07-31 19:26:40.975311+00,2026-07-31 19:26:58.827+00,17.851689,2.50,0.000062210868,0.000062210868,0.000000000008,basket_harvest,-1.6388,2,1,1.957,0.0270,1.370,1.852,0.734,0.188,6,2,0,rug
